,,,,,,,,,,Seemann y Compa�ia Limitada,,,,,,,,,,,,,,,,,,,,,,,,
,,,,,,,,,,Commision Analysis Report,,,,,,,,,,,,,,,,,,,,,,,,
,,Printed On:,12/10/25,,,,,,,,,,,,,,,,,,,,,,,,,,,,,,,
,,,,,,,,,,,,,11/10/2025 to 12/10/2025,,,,,,,,,,,,,,,,,,,,,
,,Printed By:,,,,,,,,,,,,,,,,,,,,,,,,,,,,,Page 1 of 1,,,
,INVOICE,,,DATE,,STATUS,,DIVISION,,,TYPE,,,HAWB/HBL,,BILL TO,,CONSIGNEE,,DESTINATION,,,,INCOME,,,EXPENSE,PROFIT,,,,,COMMISION,
,,ARTURO GARCIA SEEMANN MEXICO,,,,,,,,,,,,,,,,,,,,,,,,,,,,,,,,
,SHIPMENT,,,,,,,,,,,,,,,,,,,,,,,,,,,,,,,,,
,GID0000023,,,,,,,,,,,,,,,,,,,,,,,,,,,,,,,,,
,,INV0009099,,,11/26/2025,,Invoiced,,,,,Direct,,,,,"LTF HOLDING GROUP,SA.",,"LTF HOLDING GROUP,SA.",,,,,5473927.68,,,4913910.34,560017.34,,,,,0.00,
,SBLI0000073,,,,,,,,,,,,,,,,,,,,,,,,,,,,,,,,,
,,INV0008833,,,11/11/2025,,Invoiced,,,,,House,,,,,IMPORTACIONES MLT SA DE CV,,IMPORTACIONES MLT SA DE CV,,,,,10300251.60,,,8824101.44,1476150.16,,,,,0.00,
,,INV0009087,,,11/26/2025,,Invoiced,,,,,House,,,,,IMPORTACIONES MLT SA DE CV,,IMPORTACIONES MLT SA DE CV,,,,,535169.40,,,535169.40,0.00,,,,,0.00,
,SBLO0000006,,,,,,,,,,,,,,,,,,,,,,,,,,,,,,,,,
,,INV0008821,,,11/10/2025,,Invoiced,,,,,House,,,,,"LTF HOLDING GROUP,SA.",,"LTF HOLDING GROUP,SA.",,,,,5579597.92,,,5037714.00,541883.92,,,,,0.00,
,SBLO0000007,,,,,,,,,,,,,,,,,,,,,,,,,,,,,,,,,
,,INV0009183,,,11/24/2025,,Invoiced,,,,,House,,,,,"LTF HOLDING GROUP,SA.",,"LTF HOLDING GROUP,SA.",,,,,359782.50,,,290402.00,69380.50,,,,,0.00,
,,INV0008997,,,11/20/2025,,Invoiced,,,,,House,,,,,"LTF HOLDING GROUP,SA.",,"LTF HOLDING GROUP,SA.",,,,,5579597.92,,,4579238.40,1000359.52,,,,,0.00,
,SBLO0000009,,,,,,,,,,,,,,,,,,,,,,,,,,,,,,,,,
,,INV0009032,,,11/21/2025,,Invoiced,,,,,House,,,,,IMPORTACIONES MLT SA DE CV,,IMPORTACIONES MLT SA DE CV,,,,,3747060.00,,,3092003.20,655056.80,,,,,0.00,
,,INV0009088,,,11/26/2025,,Invoiced,,,,,House,,,,,IMPORTACIONES MLT SA DE CV,,IMPORTACIONES MLT SA DE CV,,,,,331888.00,,,331888.00,0.00,,,,,0.00,
,,,,,,,,,,,,,,,,,,,,,,,INCOME,,,EXPENSE,,,PROFIT,,,COMMISION,,
,,,,,,,,,,,,,,,,,,,,,ARTURO GARCIA SEEMANN MEXICO,,31907275.02,,,27604426.78,,,4302848.24,,,0.00,,
,,Ignacio Maldonado,,,,,,,,,,,,,,,,,,,,,,,,,,,,,,,,
,SHIPMENT,,,,,,,,,,,,,,,,,,,,,,,,,,,,,,,,,
,HAWBI0002160,,,,,,,,,,,,,,,,,,,,,,,,,,,,,,,,,
,,INV0009154,,,11/28/2025,,Posted,,,,,House,,,,,COMERCIALIZADORA TAIMANA C Y E SPA,,COMERCIALIZADORA TAIMANA C Y E SPA,SANTIAGO,,,,1342957.00,,,1284157.00,58800.00,,,,,0.00,
,,INV0009155,,,11/28/2025,,Posted,,,,,House,,,,,COMERCIALIZADORA TAIMANA C Y E SPA,,COMERCIALIZADORA TAIMANA C Y E SPA,SANTIAGO,,,,349528.00,,,349528.00,0.00,,,,,0.00,
,HBLI0001410,,,,,,,,,,,,,,,,,,,,,,,,,,,,,,,,,
,,3268,,,11/10/2025,,Posted,,,,,House,,,,,IPROTEC LTDA.,,IPROTEC LTDA.,DALIAN ,,,,-128009.00,,,0.00,-128009.00,,,,,0.00,
,HBLI0001437,,,,,,,,,,,,,,,,,,,,,,,,,,,,,,,,,
,,INV0008830,,,11/11/2025,,Posted,,,,,House,,,,,COMERCIAL NUEVA ADRIEN LIMITADA,,COMERCIAL NUEVA ADRIEN LIMITADA,PUERTO DE SHANGHAI,,,,478530.79,,,82903.70,395627.09,,,,,0.00,
,,INV0008831,,,11/11/2025,,Posted,,,,,House,,,,,COMERCIAL NUEVA ADRIEN LIMITADA,,COMERCIAL NUEVA ADRIEN LIMITADA,PUERTO DE SHANGHAI,,,,31069.37,,,15612.75,15456.62,,,,,0.00,
,,INV0008832,,,11/11/2025,,Posted,,,,,House,,,,,COMERCIAL NUEVA ADRIEN LIMITADA,,COMERCIAL NUEVA ADRIEN LIMITADA,PUERTO DE SHANGHAI,,,,95237.78,,,9300.00,85937.78,,,,,0.00,
,HBLI0001440,,,,,,,,,,,,,,,,,,,,,,,,,,,,,,,,,
,,INV0008849,,,11/12/2025,,Posted,,,,,House,,,,,GEMCO GENERAL MACHINERY S.A.,,GEMCO GENERAL MACHINERY S.A.,LE HAVRE,,,,325530.66,,,77507.30,248023.36,,,,,0.00,
,,INV0008850,,,11/12/2025,,Posted,,,,,House,,,,,GEMCO GENERAL MACHINERY S.A.,,GEMCO GENERAL MACHINERY S.A.,LE HAVRE,,,,67397.85,,,3000.00,64397.85,,,,,0.00,
,HBLI0001442,,,,,,,,,,,,,,,,,,,,,,,,,,,,,,,,,
,,INV0008853,,,11/12/2025,,Posted,,,,,House,,,,,TECHNO DRIVE COMPA��A ELECTROMECANICA SPA,,TECHNO DRIVE COMPA��A ELECTROMECANICA SPA,BILBAO ,,,,310029.20,,,95393.60,214635.60,,,,,0.00,
,,INV0008854,,,11/12/2025,,Posted,,,,,House,,,,,TECHNO DRIVE COMPA��A ELECTROMECANICA SPA,,TECHNO DRIVE COMPA��A ELECTROMECANICA SPA,BILBAO ,,,,57028.95,,,2500.00,54528.95,,,,,0.00,
,HBLI0001445,,,,,,,,,,,,,,,,,,,,,,,,,,,,,,,,,
,,INV0008871,,,11/13/2025,,Posted,,,,,House,,,,,QUE COREANA SPA,,QUE COREANA SPA,BUSAN ,,,,213390.88,,,84829.84,128561.04,,,,,0.00,
,,INV0008872,,,11/13/2025,,Posted,,,,,House,,,,,QUE COREANA SPA,,QUE COREANA SPA,BUSAN ,,,,68859.08,,,5425.00,63434.08,,,,,0.00,
,HBLI0001446,,,,,,,,,,,,,,,,,,,,,,,,,,,,,,,,,
,,INV0008907,,,11/14/2025,,Posted,,,,,House,,,,,INTERNATIONAL CLINICS S.A,,INTERNATIONAL CLINICS S.A,PORT EVERGLADES,,,,979958.70,,,727366.54,252592.16,,,,,0.00,
,,INV0008908,,,11/14/2025,,Posted,,,,,House,,,,,INTERNATIONAL CLINICS S.A,,INTERNATIONAL CLINICS S.A,PORT EVERGLADES,,,,77804.29,,,9258.00,68546.29,,,,,0.00,
,HBLI0001449,,,,,,,,,,,,,,,,,,,,,,,,,,,,,,,,,
,,INV0008927,,,11/17/2025,,Posted,,,,,House,,,,,KAL TIRE SOCIEDAD ANONIMA,,KAL TIRE SOCIEDAD ANONIMA,MONTREAL  ,,,,5932459.35,,,5042355.66,890103.69,,,,,0.00,
,,INV0008928,,,11/17/2025,,Posted,,,,,House,,,,,KAL TIRE SOCIEDAD ANONIMA,,KAL TIRE SOCIEDAD ANONIMA,MONTREAL  ,,,,206526.00,,,163866.00,42660.00,,,,,0.00,
,HBLI0001450,,,,,,,,,,,,,,,,,,,,,,,,,,,,,,,,,
,,INV0008938,,,11/18/2025,,Posted,,,,,House,,,,,FERNANDEZ FICA S.A.,,CONSTRUCTOR ATACAMA CSP CHILE SPA,VALENCIA  ,,,,9177081.75,,,8584587.48,592494.27,,,,,0.00,
,,INV0008939,,,11/18/2025,,Posted,,,,,House,,,,,FERNANDEZ FICA S.A.,,CONSTRUCTOR ATACAMA CSP CHILE SPA,VALENCIA  ,,,,402828.90,,,281143.00,121685.90,,,,,0.00,
,,INV0008981,,,11/19/2025,,Posted,,,,,House,,,,,FERNANDEZ FICA S.A.,,CONSTRUCTOR ATACAMA CSP CHILE SPA,VALENCIA  ,,,,9528918.75,,,0.00,9528918.75,,,,,0.00,
,,3277,,,11/19/2025,,Posted,,,,,House,,,,,FERNANDEZ FICA S.A.,,CONSTRUCTOR ATACAMA CSP CHILE SPA,VALENCIA  ,,,,-9177081.75,,,0.00,-9177081.75,,,,,0.00,
,,INV0009182,,,12/02/2025,,Posted,,,,,House,,,,,FERNANDEZ FICA S.A.,,CONSTRUCTOR ATACAMA CSP CHILE SPA,VALENCIA  ,,,,538286.02,,,249915.20,288370.81,,,,,0.00,
,HBLI0001452,,,,,,,,,,,,,,,,,,,,,,,,,,,,,,,,,
,,3276,,,11/19/2025,,Posted,,,,,House,,,,,TECHNO DRIVE COMPA��A ELECTROMECANICA SPA,,TECHNO DRIVE COMPA��A ELECTROMECANICA SPA,HAMBURG,,,,-56090.10,,,0.00,-56090.10,,,,,0.00,
,,INV0008943,,,11/18/2025,,Posted,,,,,House,,,,,TECHNO DRIVE COMPA��A ELECTROMECANICA SPA,,TECHNO DRIVE COMPA��A ELECTROMECANICA SPA,HAMBURG,,,,304925.40,,,106137.50,198787.91,,,,,0.00,
,,INV0008944,,,11/18/2025,,Posted,,,,,House,,,,,TECHNO DRIVE COMPA��A ELECTROMECANICA SPA,,TECHNO DRIVE COMPA��A ELECTROMECANICA SPA,HAMBURG,,,,56090.10,,,0.00,56090.10,,,,,0.00,
,,INV0008955,,,11/19/2025,,Posted,,,,,House,,,,,TECHNO DRIVE COMPA��A ELECTROMECANICA SPA,,TECHNO DRIVE COMPA��A ELECTROMECANICA SPA,HAMBURG,,,,56609.30,,,2500.00,54109.30,,,,,0.00,
,HBLI0001453,,,,,,,,,,,,,,,,,,,,,,,,,,,,,,,,,
,,INV0008952,,,11/18/2025,,Posted,,,,,House,,,,,PESAMATIC S.A.,,PESAMATIC S.A.,GENOA,,,,357700.95,,,123142.95,234558.00,,,,,0.00,
,,INV0008953,,,11/18/2025,,Posted,,,,,House,,,,,PESAMATIC S.A.,,PESAMATIC S.A.,GENOA,,,,56090.10,,,2500.00,53590.10,,,,,0.00,
,HBLI0001454,,,,,,,,,,,,,,,,,,,,,,,,,,,,,,,,,
,,INV0009070,,,11/25/2025,,Posted,,,,,House,,,,,FLOW VALVE SISTEMAS E INGENIERIA LIMITADA,,FLOW VALVE SISTEMAS E INGENIERIA LIMITADA,BILBAO ,,,,31436.60,,,15593.55,15843.05,,,,,0.00,
,,INV0008958,,,11/19/2025,,Posted,,,,,House,,,,,FLOW VALVE SISTEMAS E INGENIERIA LIMITADA,,FLOW VALVE SISTEMAS E INGENIERIA LIMITADA,BILBAO ,,,,553138.64,,,489612.69,63525.96,,,,,0.00,
,,INV0008959,,,11/19/2025,,Posted,,,,,House,,,,,FLOW VALVE SISTEMAS E INGENIERIA LIMITADA,,FLOW VALVE SISTEMAS E INGENIERIA LIMITADA,BILBAO ,,,,89792.64,,,10560.00,79232.64,,,,,0.00,
,HBLI0001455,,,,,,,,,,,,,,,,,,,,,,,,,,,,,,,,,
,,INV0008964,,,11/19/2025,,Posted,,,,,House,,,,,TECHNO DRIVE COMPA��A ELECTROMECANICA SPA,,TECHNO DRIVE COMPA��A ELECTROMECANICA SPA,HAMBURG,,,,182233.21,,,48292.51,133940.70,,,,,0.00,
,,INV0008965,,,11/19/2025,,Posted,,,,,House,,,,,TECHNO DRIVE COMPA��A ELECTROMECANICA SPA,,TECHNO DRIVE COMPA��A ELECTROMECANICA SPA,HAMBURG,,,,63114.22,,,4080.00,59034.22,,,,,0.00,
,HBLI0001457,,,,,,,,,,,,,,,,,,,,,,,,,,,,,,,,,
,,INV0008982,,,11/20/2025,,Posted,,,,,House,,,,,ARTICULOS ELECTRONICOS DE SEGURIDAD SENSORTEC LIMITADA,,ARTICULOS ELECTRONICOS DE SEGURIDAD SENSORTEC LIMITADA,ANTWERPEN  ,,,,401647.36,,,109544.50,292102.86,,,,,0.00,
,,INV0008983,,,11/20/2025,,Posted,,,,,House,,,,,ARTICULOS ELECTRONICOS DE SEGURIDAD SENSORTEC LIMITADA,,ARTICULOS ELECTRONICOS DE SEGURIDAD SENSORTEC LIMITADA,ANTWERPEN  ,,,,86386.71,,,7752.00,78634.71,,,,,0.00,
,HBLI0001459,,,,,,,,,,,,,,,,,,,,,,,,,,,,,,,,,
,,INV0008986,,,11/20/2025,,Posted,,,,,House,,,,,COMERCIAL NUEVA ADRIEN LIMITADA,,COMERCIAL NUEVA ADRIEN LIMITADA,ANTWERPEN  ,,,,415464.96,,,126493.30,288971.66,,,,,0.00,
,,INV0008987,,,11/20/2025,,Posted,,,,,House,,,,,COMERCIAL NUEVA ADRIEN LIMITADA,,COMERCIAL NUEVA ADRIEN LIMITADA,ANTWERPEN  ,,,,60138.60,,,3328.00,56810.60,,,,,0.00,
,HBLI0001462,,,,,,,,,,,,,,,,,,,,,,,,,,,,,,,,,
,,INV0008975,,,11/19/2025,,Posted,,,,,House,,,,,AUTANA EQUIPOS SPA,,AUTANA EQUIPOS SPA,ANTWERPEN  ,,,,1112361.20,,,855097.05,257264.15,,,,,0.00,
,,INV0008976,,,11/19/2025,,Posted,,,,,House,,,,,AUTANA EQUIPOS SPA,,AUTANA EQUIPOS SPA,ANTWERPEN  ,,,,104356.67,,,48447.27,55909.40,,,,,0.00,
,,INV0008977,,,11/19/2025,,Posted,,,,,House,,,,,AUTANA EQUIPOS SPA,,AUTANA EQUIPOS SPA,ANTWERPEN  ,,,,77688.54,,,8924.00,68764.54,,,,,0.00,
,,3303,,,11/28/2025,,Posted,,,,,House,,,,,AUTANA EQUIPOS SPA,,AUTANA EQUIPOS SPA,ANTWERPEN  ,,,,-33371.00,,,0.00,-33371.00,,,,,0.00,
,HBLI0001463,,,,,,,,,,,,,,,,,,,,,,,,,,,,,,,,,
,,INV0008978,,,11/19/2025,,Posted,,,,,House,,,,,AUTANA EQUIPOS SPA,,AUTANA EQUIPOS SPA,PORT EVERGLADES,,,,748066.17,,,358882.38,389183.79,,,,,0.00,
,,INV0008979,,,11/19/2025,,Posted,,,,,House,,,,,AUTANA EQUIPOS SPA,,AUTANA EQUIPOS SPA,PORT EVERGLADES,,,,28819.28,,,15438.90,13380.38,,,,,0.00,
,,INV0008980,,,11/19/2025,,Posted,,,,,House,,,,,AUTANA EQUIPOS SPA,,AUTANA EQUIPOS SPA,PORT EVERGLADES,,,,59645.62,,,2590.00,57055.62,,,,,0.00,
,,3304,,,11/28/2025,,Posted,,,,,House,,,,,AUTANA EQUIPOS SPA,,AUTANA EQUIPOS SPA,PORT EVERGLADES,,,,-22442.00,,,0.00,-22442.00,,,,,0.00,
,HBLI0001466,,,,,,,,,,,,,,,,,,,,,,,,,,,,,,,,,
,,INV0009012,,,11/21/2025,,Posted,,,,,House,,,,,INTERNATIONAL CLINICS S.A,,INTERNATIONAL CLINICS S.A,BARCELONA  ,,,,543312.00,,,139193.00,404119.00,,,,,0.00,
,,INV0009014,,,11/21/2025,,Posted,,,,,House,,,,,INTERNATIONAL CLINICS S.A,,INTERNATIONAL CLINICS S.A,BARCELONA  ,,,,9413549.25,,,8120313.37,1293235.88,,,,,0.00,
,HBLI0001473,,,,,,,,,,,,,,,,,,,,,,,,,,,,,,,,,
,,INV0009078,,,11/25/2025,,Posted,,,,,House,,,,,FLOW VALVE SISTEMAS E INGENIERIA LIMITADA,,FLOW VALVE SISTEMAS E INGENIERIA LIMITADA,VALENCIA  ,,,,616232.43,,,297213.26,319019.18,,,,,0.00,
,,INV0009079,,,11/25/2025,,Posted,,,,,House,,,,,FLOW VALVE SISTEMAS E INGENIERIA LIMITADA,,FLOW VALVE SISTEMAS E INGENIERIA LIMITADA,VALENCIA  ,,,,75784.65,,,12680.00,63104.65,,,,,0.00,
,HBLI0001487,,,,,,,,,,,,,,,,,,,,,,,,,,,,,,,,,
,,INV0009204,,,12/03/2025,,Posted,,,,,House,,,,,INTERNATIONAL CLINICS S.A,,INTERNATIONAL CLINICS S.A,BARCELONA  ,,,,2019444.85,,,1611378.64,408066.21,,,,,0.00,
,,INV0009205,,,12/03/2025,,Posted,,,,,House,,,,,INTERNATIONAL CLINICS S.A,,INTERNATIONAL CLINICS S.A,BARCELONA  ,,,,98640.59,,,0.00,98640.59,,,,,0.00,
,HBLI0001488,,,,,,,,,,,,,,,,,,,,,,,,,,,,,,,,,
,,INV0009237,,,12/09/2025,,Posted,,,,,House,,,,,AUTANA EQUIPOS SPA,,AUTANA EQUIPOS SPA,ROTTERDAM  ,,,,5646895.35,,,4815596.35,831299.00,,,,,0.00,
,,INV0009238,,,12/09/2025,,Posted,,,,,House,,,,,AUTANA EQUIPOS SPA,,AUTANA EQUIPOS SPA,ROTTERDAM  ,,,,381966.89,,,381966.89,0.00,,,,,0.00,
,,INV0009239,,,12/09/2025,,Posted,,,,,House,,,,,AUTANA EQUIPOS SPA,,AUTANA EQUIPOS SPA,ROTTERDAM  ,,,,300905.90,,,0.00,300905.90,,,,,0.00,
,HBLI0001489,,,,,,,,,,,,,,,,,,,,,,,,,,,,,,,,,
,,INV0009213,,,12/04/2025,,Posted,,,,,House,,,,,INTERNATIONAL CLINICS S.A,,INTERNATIONAL CLINICS S.A,ANTWERPEN  ,,,,825291.95,,,554258.73,271033.22,,,,,0.00,
,,INV0009214,,,12/04/2025,,Posted,,,,,House,,,,,INTERNATIONAL CLINICS S.A,,INTERNATIONAL CLINICS S.A,ANTWERPEN  ,,,,84044.28,,,0.00,84044.28,,,,,0.00,
,HBLI0001491,,,,,,,,,,,,,,,,,,,,,,,,,,,,,,,,,
,,INV0009217,,,12/04/2025,,Posted,,,,,House,,,,,TECHNO DRIVE COMPA��A ELECTROMECANICA SPA,,TECHNO DRIVE COMPA��A ELECTROMECANICA SPA,BARCELONA  ,,,,312198.48,,,99335.88,212862.60,,,,,0.00,
,,INV0009218,,,12/04/2025,,Posted,,,,,House,,,,,TECHNO DRIVE COMPA��A ELECTROMECANICA SPA,,TECHNO DRIVE COMPA��A ELECTROMECANICA SPA,BARCELONA  ,,,,56070.30,,,2500.00,53570.30,,,,,0.00,
,HBLI0001510,,,,,,,,,,,,,,,,,,,,,,,,,,,,,,,,,
,,INV0009287,,,12/10/2025,,Posted,,,,,House,,,,,TECHNO DRIVE COMPA��A ELECTROMECANICA SPA,,TECHNO DRIVE COMPA��A ELECTROMECANICA SPA,HAMBURG,,,,353902.55,,,145599.15,208303.40,,,,,0.00,
,,INV0009288,,,12/10/2025,,Posted,,,,,House,,,,,TECHNO DRIVE COMPA��A ELECTROMECANICA SPA,,TECHNO DRIVE COMPA��A ELECTROMECANICA SPA,HAMBURG,,,,67610.44,,,0.00,67610.44,,,,,0.00,
,HBLI0001511,,,,,,,,,,,,,,,,,,,,,,,,,,,,,,,,,
,,INV0009289,,,12/10/2025,,Posted,,,,,House,,,,,INTERNATIONAL CLINICS S.A,,INTERNATIONAL CLINICS S.A,BARCELONA  ,,,,1348331.78,,,1108068.76,240263.02,,,,,0.00,
,,INV0009290,,,12/10/2025,,Posted,,,,,House,,,,,INTERNATIONAL CLINICS S.A,,INTERNATIONAL CLINICS S.A,BARCELONA  ,,,,111479.18,,,0.00,111479.18,,,,,0.00,
,HBLO0000112,,,,,,,,,,,,,,,,,,,,,,,,,,,,,,,,,
,,INV0009086,,,11/25/2025,,Invoiced,,,,,House,,,,,"REFACCIONES, EQUIPOS Y SERVICIOS IND. SA DE CV",,"REFACCIONES, EQUIPOS Y SERVICIOS IND. SA DE CV",SAN ANTONIO,,,,16594400.00,,,18897725.00,-2303325.00,,,,,0.00,
,HBLO0000115,,,,,,,,,,,,,,,,,,,,,,,,,,,,,,,,,
,,INV0009062,,,11/24/2025,,Posted,,,,,House,,,,,Laboratorio Sanderson S.A.,,BIO TECH PHARMA S.A.,SAN ANTONIO,,,,1250018.80,,,940885.52,309133.28,,,,,0.00,
,,INV0009063,,,11/24/2025,,Posted,,,,,House,,,,,Laboratorio Sanderson S.A.,,BIO TECH PHARMA S.A.,SAN ANTONIO,,,,511418.48,,,565250.00,-53831.52,,,,,0.00,
,HBLO0000116,,,,,,,,,,,,,,,,,,,,,,,,,,,,,,,,,
,,INV0009202,,,12/03/2025,,Posted,,,,,House,,,,,Laboratorio Sanderson S.A.,,C HOSPIFAR C. POR A.,SAN ANTONIO,,,,845878.98,,,761849.91,84029.07,,,,,0.00,
,,INV0009203,,,12/03/2025,,Posted,,,,,House,,,,,Laboratorio Sanderson S.A.,,C HOSPIFAR C. POR A.,SAN ANTONIO,,,,215327.70,,,124950.00,90377.70,,,,,0.00,
,HBLO0000120,,,,,,,,,,,,,,,,,,,,,,,,,,,,,,,,,
,,INV0008940,,,11/18/2025,,Posted,,,,,House,,,,,Laboratorio Sanderson S.A.,,CORPORACION MAGMA ECUADOR S.A.,SAN ANTONIO,,,,2299694.10,,,2139582.36,160111.74,,,,,0.00,
,,INV0008941,,,11/18/2025,,Posted,,,,,House,,,,,Laboratorio Sanderson S.A.,,CORPORACION MAGMA ECUADOR S.A.,SAN ANTONIO,,,,458919.00,,,535500.00,-76581.00,,,,,0.00,
,HBLO0000122,,,,,,,,,,,,,,,,,,,,,,,,,,,,,,,,,
,,INV0008824,,,11/11/2025,,Invoiced,,,,,House,,,,,"REFACCIONES, EQUIPOS Y SERVICIOS IND. SA DE CV",,"REFACCIONES, EQUIPOS Y SERVICIOS IND. SA DE CV",SAN ANTONIO,,,,1088208.68,,,857450.66,230758.01,,,,,0.00,
,001-10964520,,,,,,,,,,,,,,,,,,,,,,,,,,,,,,,,,
,,INV0009180,,,12/01/2025,,Posted,,,,,House,,,SOG0002029,,AUTANA EQUIPOS SPA,,"TEI ROCK DRILLS INC,",Denver International Airport,,,,3908036.16,,,3972460.91,-64424.75,,,,,0.00,
,,INV0009181,,,12/01/2025,,Posted,,,,,House,,,SOG0002029,,AUTANA EQUIPOS SPA,,"TEI ROCK DRILLS INC,",Denver International Airport,,,,75000.00,,,65000.00,10000.00,,,,,0.00,
,001-17644911,,,,,,,,,,,,,,,,,,,,,,,,,,,,,,,,,
,,3301,,,11/28/2025,,Posted,,,,,House,,,SOG0003205,,AUTANA EQUIPOS SPA,,AUTANA EQUIPOS SPA,SANTIAGO,,,,-17015.00,,,0.00,-17015.00,,,,,0.00,
,369-95467326,,,,,,,,,,,,,,,,,,,,,,,,,,,,,,,,,
,,INV0008843,,,11/12/2025,,Posted,,,,,House,,,SOG0003217,,UNIVERSIDAD AUSTRAL DE CHILE,,SEEMANN TRADER Y CIA LTDA,SANTIAGO,,,,2467798.20,,,1904806.35,562991.85,,,,,0.00,
,,INV0008845,,,11/12/2025,,Posted,,,,,House,,,SOG0003217,,UNIVERSIDAD AUSTRAL DE CHILE,,SEEMANN TRADER Y CIA LTDA,SANTIAGO,,,,165902.40,,,0.00,165902.40,,,,,0.00,
,,INV0008855,,,11/12/2025,,Posted,,,,,House,,,SOG0003217,,UNIVERSIDAD AUSTRAL DE CHILE,,SEEMANN TRADER Y CIA LTDA,SANTIAGO,,,,2299493.33,,,0.00,2299493.33,,,,,0.00,
,,3269,,,11/12/2025,,Posted,,,,,House,,,SOG0003217,,UNIVERSIDAD AUSTRAL DE CHILE,,SEEMANN TRADER Y CIA LTDA,SANTIAGO,,,,-2467798.20,,,0.00,-2467798.20,,,,,0.00,
,,3270,,,11/12/2025,,Posted,,,,,House,,,SOG0003217,,UNIVERSIDAD AUSTRAL DE CHILE,,SEEMANN TRADER Y CIA LTDA,SANTIAGO,,,,-165902.40,,,0.00,-165902.40,,,,,0.00,
,369-95467326,,,,,,,,,,,,,,,,,,,,,,,,,,,,,,,,,
,,INV0008810,,,11/10/2025,,Posted,,,,,House,,,SOG0003218,,UNITED SISTEMA DE TUBERIAS SPA,,UNITED SISTEMA DE TUBERIAS SPA,SANTIAGO,,,,29294.72,,,68215.10,-38920.38,,,,,0.00,
,369-95467326,,,,,,,,,,,,,,,,,,,,,,,,,,,,,,,,,
,,INV0008960,,,11/19/2025,,Posted,,,,,House,,,SOG0003219,,GEMCO GENERAL MACHINERY S.A.,,GEMCO GENERAL MACHINERY S.A.,SANTIAGO,,,,1671610.87,,,1406555.84,265055.04,,,,,0.00,
,,INV0008961,,,11/19/2025,,Posted,,,,,House,,,SOG0003219,,GEMCO GENERAL MACHINERY S.A.,,GEMCO GENERAL MACHINERY S.A.,SANTIAGO,,,,78.04,,,0.00,78.04,,,,,0.00,
,,INV0008962,,,11/19/2025,,Posted,,,,,House,,,SOG0003219,,GEMCO GENERAL MACHINERY S.A.,,GEMCO GENERAL MACHINERY S.A.,SANTIAGO,,,,164681.60,,,109599.00,55082.60,,,,,0.00,
,,INV0008963,,,11/19/2025,,Posted,,,,,House,,,SOG0003219,,GEMCO GENERAL MACHINERY S.A.,,GEMCO GENERAL MACHINERY S.A.,SANTIAGO,,,,80323.45,,,0.00,80323.45,,,,,0.00,
,,INV0009059,,,11/24/2025,,Posted,,,,,House,,,SOG0003219,,GEMCO GENERAL MACHINERY S.A.,,GEMCO GENERAL MACHINERY S.A.,SANTIAGO,,,,542165.83,,,0.00,542165.83,,,,,0.00,
,,3292,,,11/24/2025,,Posted,,,,,House,,,SOG0003219,,GEMCO GENERAL MACHINERY S.A.,,GEMCO GENERAL MACHINERY S.A.,SANTIAGO,,,,-80955.57,,,0.00,-80955.57,,,,,0.00,
,,3293,,,11/24/2025,,Posted,,,,,House,,,SOG0003219,,GEMCO GENERAL MACHINERY S.A.,,GEMCO GENERAL MACHINERY S.A.,SANTIAGO,,,,-542165.83,,,0.00,-542165.83,,,,,0.00,
,014-22021941,,,,,,,,,,,,,,,,,,,,,,,,,,,,,,,,,
,,INV0008912,,,11/14/2025,,Posted,,,,,House,,,SOG0003227,,MAQUINARIAS AGROFORESTALES LTDA.,,MAQUINARIAS AGROFORESTALES LTDA.,COMODORO ARTURO MERINO BENITEZ INTERNATIONAL AIRPORT,,,,28717.64,,,53466.95,-24749.31,,,,,0.00,
,729- 91930226,,,,,,,,,,,,,,,,,,,,,,,,,,,,,,,,,
,,INV0008825,,,11/11/2025,,Posted,,,,,House,,,SOG0003228,,ROTORK ANDINA SPA,,ROTORK ANDINA SPA,SANTIAGO,,,,2808285.20,,,2329876.05,478409.15,,,,,0.00,
,,INV0008826,,,11/11/2025,,Posted,,,,,House,,,SOG0003228,,ROTORK ANDINA SPA,,ROTORK ANDINA SPA,SANTIAGO,,,,166536.00,,,116520.00,50016.00,,,,,0.00,
,045-13091492,,,,,,,,,,,,,,,,,,,,,,,,,,,,,,,,,
,,INV0008839,,,11/12/2025,,Posted,,,,,House,,,SOG0003235,,INTERNATIONAL CLINICS S.A,,INTERNATIONAL CLINICS S.A,COMODORO ARTURO MERINO BENITEZ INTERNATIONAL AIRPORT,,,,875236.28,,,662654.99,212581.29,,,,,0.00,
,,INV0008840,,,11/12/2025,,Posted,,,,,House,,,SOG0003235,,INTERNATIONAL CLINICS S.A,,INTERNATIONAL CLINICS S.A,COMODORO ARTURO MERINO BENITEZ INTERNATIONAL AIRPORT,,,,165902.40,,,78151.00,87751.40,,,,,0.00,
,075-67074630,,,,,,,,,,,,,,,,,,,,,,,,,,,,,,,,,
,,INV0008866,,,11/13/2025,,Posted,,,,,House,,,SOG0003241,,WEG CHILE SPA,,WEG CHILE SPA,COMODORO ARTURO MERINO BENITEZ INTERNATIONAL AIRPORT,,,,520929.90,,,395582.50,125347.40,,,,,0.00,
,,INV0008867,,,11/13/2025,,Posted,,,,,House,,,SOG0003241,,WEG CHILE SPA,,WEG CHILE SPA,COMODORO ARTURO MERINO BENITEZ INTERNATIONAL AIRPORT,,,,165179.20,,,85966.00,79213.20,,,,,0.00,
,057-56220791,,,,,,,,,,,,,,,,,,,,,,,,,,,,,,,,,
,,INV0008881,,,11/13/2025,,Posted,,,,,House,,,SOG0003245,,RPM CONTROL  S.A,,RPM CONTROL  S.A,COMODORO ARTURO MERINO BENITEZ INTERNATIONAL AIRPORT,,,,3372991.16,,,2845278.37,527712.79,,,,,0.00,
,,INV0008882,,,11/13/2025,,Posted,,,,,House,,,SOG0003245,,RPM CONTROL  S.A,,RPM CONTROL  S.A,COMODORO ARTURO MERINO BENITEZ INTERNATIONAL AIRPORT,,,,32860.34,,,17085.72,15774.61,,,,,0.00,
,,INV0008883,,,11/13/2025,,Posted,,,,,House,,,SOG0003245,,RPM CONTROL  S.A,,RPM CONTROL  S.A,COMODORO ARTURO MERINO BENITEZ INTERNATIONAL AIRPORT,,,,165179.20,,,111768.00,53411.20,,,,,0.00,
,045-42425320,,,,,,,,,,,,,,,,,,,,,,,,,,,,,,,,,
,,INV0008886,,,11/14/2025,,Posted,,,,,House,,,SOG0003247,,FLOW VALVE SISTEMAS E INGENIERIA LIMITADA,,FLOW VALVE SISTEMAS E INGENIERIA LIMITADA,COMODORO ARTURO MERINO BENITEZ INTERNATIONAL AIRPORT,,,,5389685.65,,,4384287.96,1005397.69,,,,,0.00,
,,INV0008887,,,11/14/2025,,Posted,,,,,House,,,SOG0003247,,FLOW VALVE SISTEMAS E INGENIERIA LIMITADA,,FLOW VALVE SISTEMAS E INGENIERIA LIMITADA,COMODORO ARTURO MERINO BENITEZ INTERNATIONAL AIRPORT,,,,161054.68,,,83752.95,77301.73,,,,,0.00,
,,INV0008888,,,11/14/2025,,Posted,,,,,House,,,SOG0003247,,FLOW VALVE SISTEMAS E INGENIERIA LIMITADA,,FLOW VALVE SISTEMAS E INGENIERIA LIMITADA,COMODORO ARTURO MERINO BENITEZ INTERNATIONAL AIRPORT,,,,164100.80,,,0.00,164100.80,,,,,0.00,
,784-41551414,,,,,,,,,,,,,,,,,,,,,,,,,,,,,,,,,
,,INV0008889,,,11/14/2025,,Posted,,,,,House,,,SOG0003248,,ROTORK ANDINA SPA,,ROTORK ANDINA SPA,SANTIAGO,,,,2544382.90,,,2268110.41,276272.49,,,,,0.00,
,,INV0008890,,,11/14/2025,,Posted,,,,,House,,,SOG0003248,,ROTORK ANDINA SPA,,ROTORK ANDINA SPA,SANTIAGO,,,,164100.80,,,110378.00,53722.80,,,,,0.00,
,016-98093494,,,,,,,,,,,,,,,,,,,,,,,,,,,,,,,,,
,,INV0008896,,,11/14/2025,,Posted,,,,,House,,,SOG0003249,,IPROTEC LTDA.,,IPROTEC LTDA.,COMODORO ARTURO MERINO BENITEZ INTERNATIONAL AIRPORT,,,,784545.41,,,548552.88,235992.53,,,,,0.00,
,,INV0008897,,,11/14/2025,,Posted,,,,,House,,,SOG0003249,,IPROTEC LTDA.,,IPROTEC LTDA.,COMODORO ARTURO MERINO BENITEZ INTERNATIONAL AIRPORT,,,,28717.64,,,15384.45,13333.19,,,,,0.00,
,,INV0008898,,,11/14/2025,,Posted,,,,,House,,,SOG0003249,,IPROTEC LTDA.,,IPROTEC LTDA.,COMODORO ARTURO MERINO BENITEZ INTERNATIONAL AIRPORT,,,,164100.80,,,111076.00,53024.80,,,,,0.00,
,,3272,,,11/17/2025,,Posted,,,,,House,,,SOG0003249,,IPROTEC LTDA.,,IPROTEC LTDA.,COMODORO ARTURO MERINO BENITEZ INTERNATIONAL AIRPORT,,,,-47073.00,,,0.00,-47073.00,,,,,0.00,
,125-13542550,,,,,,,,,,,,,,,,,,,,,,,,,,,,,,,,,
,,INV0008916,,,11/17/2025,,Posted,,,,,House,,,SOG0003255,,AUTANA EQUIPOS SPA,,AUTANA EQUIPOS SPA,SANTIAGO,,,,1250255.94,,,900989.36,349266.58,,,,,0.00,
,,INV0008917,,,11/17/2025,,Posted,,,,,House,,,SOG0003255,,AUTANA EQUIPOS SPA,,AUTANA EQUIPOS SPA,SANTIAGO,,,,28913.64,,,15489.45,13424.19,,,,,0.00,
,,INV0008918,,,11/17/2025,,Posted,,,,,House,,,SOG0003255,,AUTANA EQUIPOS SPA,,AUTANA EQUIPOS SPA,SANTIAGO,,,,165220.80,,,85966.00,79254.80,,,,,0.00,
,,3302,,,11/28/2025,,Posted,,,,,House,,,SOG0003255,,AUTANA EQUIPOS SPA,,AUTANA EQUIPOS SPA,SANTIAGO,,,,-25005.00,,,0.00,-25005.00,,,,,0.00,
,202-30710234,,,,,,,,,,,,,,,,,,,,,,,,,,,,,,,,,
,,INV0008950,,,11/18/2025,,Posted,,,,,House,,,SOG0003272,,ROTORK ANDINA SPA,,AUTOMATIZACION S.A.,MEDELLIN ,,,,703674.00,,,438664.25,265009.75,,,,,0.00,
,045-13091514,,,,,,,,,,,,,,,,,,,,,,,,,,,,,,,,,
,,INV0008956,,,11/19/2025,,Posted,,,,,House,,,SOG0003280,,INTERNATIONAL CLINICS S.A,,INTERNATIONAL CLINICS S.A,COMODORO ARTURO MERINO BENITEZ INTERNATIONAL AIRPORT,,,,1604424.02,,,1309542.22,294881.80,,,,,0.00,
,,INV0008957,,,11/19/2025,,Posted,,,,,House,,,SOG0003280,,INTERNATIONAL CLINICS S.A,,INTERNATIONAL CLINICS S.A,COMODORO ARTURO MERINO BENITEZ INTERNATIONAL AIRPORT,,,,164681.60,,,67877.00,96804.60,,,,,0.00,
,047-34317231,,,,,,,,,,,,,,,,,,,,,,,,,,,,,,,,,
,,INV0009071,,,11/25/2025,,Posted,,,,,House,,,SOG0003282,,DAVID BROWN SANTASALO SOUTH AMERICA S.A.,,DAVID BROWN SANTASALO SOUTH AMERICA S.A.,SANTIAGO,,,,669480.00,,,496610.70,172869.30,,,,,0.00,
,,INV0009072,,,11/25/2025,,Posted,,,,,House,,,SOG0003282,,DAVID BROWN SANTASALO SOUTH AMERICA S.A.,,DAVID BROWN SANTASALO SOUTH AMERICA S.A.,SANTIAGO,,,,29107.96,,,15593.55,13514.41,,,,,0.00,
,,INV0009073,,,11/25/2025,,Posted,,,,,House,,,SOG0003282,,DAVID BROWN SANTASALO SOUTH AMERICA S.A.,,DAVID BROWN SANTASALO SOUTH AMERICA S.A.,SANTIAGO,,,,166331.20,,,164790.34,1540.87,,,,,0.00,
,369-97542115,,,,,,,,,,,,,,,,,,,,,,,,,,,,,,,,,
,,INV0008988,,,11/20/2025,,Posted,,,,,House,,,SOG0003284,,INTERNATIONAL CLINICS S.A,,INTERNATIONAL CLINICS S.A,SANTIAGO,,,,3898994.60,,,3527222.90,371771.70,,,,,0.00,
,,INV0008989,,,11/20/2025,,Posted,,,,,House,,,SOG0003284,,INTERNATIONAL CLINICS S.A,,INTERNATIONAL CLINICS S.A,SANTIAGO,,,,165017.60,,,113163.00,51854.60,,,,,0.00,
,016-98093564,,,,,,,,,,,,,,,,,,,,,,,,,,,,,,,,,
,,INV0008992,,,11/20/2025,,Posted,,,,,House,,,SOG0003285,,IPROTEC LTDA.,,IPROTEC LTDA.,COMODORO ARTURO MERINO BENITEZ INTERNATIONAL AIRPORT,,,,794147.20,,,621709.36,172437.84,,,,,0.00,
,,INV0008993,,,11/20/2025,,Posted,,,,,House,,,SOG0003285,,IPROTEC LTDA.,,IPROTEC LTDA.,COMODORO ARTURO MERINO BENITEZ INTERNATIONAL AIRPORT,,,,28878.08,,,15470.40,13407.68,,,,,0.00,
,,INV0008994,,,11/20/2025,,Posted,,,,,House,,,SOG0003285,,IPROTEC LTDA.,,IPROTEC LTDA.,COMODORO ARTURO MERINO BENITEZ INTERNATIONAL AIRPORT,,,,165017.60,,,112483.00,52534.60,,,,,0.00,
,,3291,,,11/21/2025,,Posted,,,,,House,,,SOG0003285,,IPROTEC LTDA.,,IPROTEC LTDA.,COMODORO ARTURO MERINO BENITEZ INTERNATIONAL AIRPORT,,,,-47649.00,,,0.00,-47649.00,,,,,0.00,
,615-60597316,,,,,,,,,,,,,,,,,,,,,,,,,,,,,,,,,
,,INV0009100,,,11/26/2025,,Posted,,,,,House,,,SOG0003286,,GEMCO GENERAL MACHINERY S.A.,,GEMCO GENERAL MACHINERY S.A.,SANTIAGO,,,,4730267.88,,,3952523.81,777744.07,,,,,0.00,
,,INV0009101,,,11/26/2025,,Posted,,,,,House,,,SOG0003286,,GEMCO GENERAL MACHINERY S.A.,,GEMCO GENERAL MACHINERY S.A.,SANTIAGO,,,,165944.00,,,0.00,165944.00,,,,,0.00,
,729-92536415,,,,,,,,,,,,,,,,,,,,,,,,,,,,,,,,,
,,INV0009015,,,11/21/2025,,Posted,,,,,House,,,SOG0003292,,PESAMATIC S.A.,,PESAMATIC S.A.,COMODORO ARTURO MERINO BENITEZ INTERNATIONAL AIRPORT,,,,604794.75,,,330365.69,274429.06,,,,,0.00,
,,INV0009016,,,11/21/2025,,Posted,,,,,House,,,SOG0003292,,PESAMATIC S.A.,,PESAMATIC S.A.,COMODORO ARTURO MERINO BENITEZ INTERNATIONAL AIRPORT,,,,164640.00,,,0.00,164640.00,,,,,0.00,
,016-93951244,,,,,,,,,,,,,,,,,,,,,,,,,,,,,,,,,
,,INV0009007,,,11/21/2025,,Posted,,,,,House,,,SOG0003293,,VIGATEC S.A.,,VIGATEC S.A.,SANTIAGO,,,,1716516.06,,,1451335.95,265180.11,,,,,0.00,
,,INV0009008,,,11/21/2025,,Posted,,,,,House,,,SOG0003293,,VIGATEC S.A.,,VIGATEC S.A.,SANTIAGO,,,,195510.00,,,0.00,195510.00,,,,,0.00,
,,INV0009009,,,11/21/2025,,Posted,,,,,House,,,SOG0003293,,VIGATEC S.A.,,VIGATEC S.A.,SANTIAGO,,,,164640.00,,,0.00,164640.00,,,,,0.00,
,,3290,,,11/21/2025,,Posted,,,,,House,,,SOG0003293,,VIGATEC S.A.,,VIGATEC S.A.,SANTIAGO,,,,-195510.00,,,0.00,-195510.00,,,,,0.00,
,112-00275240,,,,,,,,,,,,,,,,,,,,,,,,,,,,,,,,,
,,3296,,,11/24/2025,,Posted,,,,,House,,,SOG0003294,,IPROTEC LTDA.,,IPROTEC LTDA.,COMODORO ARTURO MERINO BENITEZ INTERNATIONAL AIRPORT,,,,-155999.00,,,0.00,-155999.00,,,,,0.00,
,,INV0009043,,,11/24/2025,,Posted,,,,,House,,,SOG0003294,,IPROTEC LTDA.,,IPROTEC LTDA.,COMODORO ARTURO MERINO BENITEZ INTERNATIONAL AIRPORT,,,,2599987.24,,,2201723.35,398263.88,,,,,0.00,
,,INV0009044,,,11/24/2025,,Posted,,,,,House,,,SOG0003294,,IPROTEC LTDA.,,IPROTEC LTDA.,COMODORO ARTURO MERINO BENITEZ INTERNATIONAL AIRPORT,,,,29046.08,,,15560.40,13485.68,,,,,0.00,
,,INV0009046,,,11/24/2025,,Posted,,,,,House,,,SOG0003294,,IPROTEC LTDA.,,IPROTEC LTDA.,COMODORO ARTURO MERINO BENITEZ INTERNATIONAL AIRPORT,,,,165977.60,,,0.00,165977.60,,,,,0.00,
,075-67385076,,,,,,,,,,,,,,,,,,,,,,,,,,,,,,,,,
,,INV0009020,,,11/21/2025,,Posted,,,,,House,,,SOG0003296,,WIKA CHILE SPA,,WIKA CHILE SPA,SANTIAGO,,,,790477.80,,,561118.22,229359.59,,,,,0.00,
,,INV0009021,,,11/21/2025,,Posted,,,,,House,,,SOG0003296,,WIKA CHILE SPA,,WIKA CHILE SPA,SANTIAGO,,,,164640.00,,,86151.00,78489.00,,,,,0.00,
,044-45340610,,,,,,,,,,,,,,,,,,,,,,,,,,,,,,,,,
,,INV0009017,,,11/21/2025,,Posted,,,,,House,,,SOG0003298,,VIGATEC S.A.,,VIGATEC S.A.,COMODORO ARTURO MERINO BENITEZ INTERNATIONAL AIRPORT,,,,3513011.15,,,2842116.76,670894.39,,,,,0.00,
,,INV0009018,,,11/21/2025,,Posted,,,,,House,,,SOG0003298,,VIGATEC S.A.,,VIGATEC S.A.,COMODORO ARTURO MERINO BENITEZ INTERNATIONAL AIRPORT,,,,164640.00,,,0.00,164640.00,,,,,0.00,
,045-12691000,,,,,,,,,,,,,,,,,,,,,,,,,,,,,,,,,
,,INV0009024,,,11/21/2025,,Posted,,,,,House,,,SOG0003299,,"PINTO, PINTO COMPA��A LIMITADA",,"PINTO, PINTO COMPA��A LIMITADA",SANTIAGO,,,,2510039.70,,,2058532.00,451507.70,,,,,0.00,
,,INV0009025,,,11/21/2025,,Posted,,,,,House,,,SOG0003299,,"PINTO, PINTO COMPA��A LIMITADA",,"PINTO, PINTO COMPA��A LIMITADA",SANTIAGO,,,,164640.00,,,0.00,164640.00,,,,,0.00,
,125-96106555,,,,,,,,,,,,,,,,,,,,,,,,,,,,,,,,,
,,INV0009039,,,11/24/2025,,Posted,,,,,House,,,SOG0003304,,SENSORICA INDUSTRIAL S.P.A.,,SENSORICA INDUSTRIAL S.P.A.,SANTIAGO,,,,906649.60,,,612275.43,294374.17,,,,,0.00,
,,INV0009040,,,11/24/2025,,Posted,,,,,House,,,SOG0003304,,SENSORICA INDUSTRIAL S.P.A.,,SENSORICA INDUSTRIAL S.P.A.,SANTIAGO,,,,165977.60,,,0.00,165977.60,,,,,0.00,
,,INV0009041,,,11/24/2025,,Posted,,,,,House,,,SOG0003304,,SENSORICA INDUSTRIAL S.P.A.,,SENSORICA INDUSTRIAL S.P.A.,SANTIAGO,,,,165977.60,,,86151.00,79826.60,,,,,0.00,
,,INV0009042,,,11/24/2025,,Posted,,,,,House,,,SOG0003304,,SENSORICA INDUSTRIAL S.P.A.,,SENSORICA INDUSTRIAL S.P.A.,SANTIAGO,,,,-165977.60,,,0.00,-165977.60,,,,,0.00,
,045-14074163,,,,,,,,,,,,,,,,,,,,,,,,,,,,,,,,,
,,INV0009176,,,12/01/2025,,Posted,,,,,House,,,SOG0003324,,VORWERK Y CIA. LTDA.,,SMG SRL,Buenos Aires - Ezeiza.,,,,730188.95,,,413691.50,316497.45,,,,,0.00,
,369-97542152,,,,,,,,,,,,,,,,,,,,,,,,,,,,,,,,,
,,INV0009103,,,11/26/2025,,Posted,,,,,House,,,SOG0003328,,INTERNATIONAL CLINICS S.A,,INTERNATIONAL CLINICS S.A,SANTIAGO,,,,6249513.27,,,1629843.23,4619670.04,,,,,0.00,
,,INV0009104,,,11/26/2025,,Posted,,,,,House,,,SOG0003328,,INTERNATIONAL CLINICS S.A,,INTERNATIONAL CLINICS S.A,SANTIAGO,,,,165944.00,,,28274.00,137670.00,,,,,0.00,
,045-13091536,,,,,,,,,,,,,,,,,,,,,,,,,,,,,,,,,
,,3311,,,12/10/2025,,Posted,,,,,House,,,SOG0003333,,INTERNATIONAL CLINICS S.A,,INTERNATIONAL CLINICS S.A,COMODORO ARTURO MERINO BENITEZ INTERNATIONAL AIRPORT,,,,-25963.00,,,0.00,-25963.00,,,,,0.00,
,,INV0009116,,,11/27/2025,,Posted,,,,,House,,,SOG0003333,,INTERNATIONAL CLINICS S.A,,INTERNATIONAL CLINICS S.A,COMODORO ARTURO MERINO BENITEZ INTERNATIONAL AIRPORT,,,,1730859.20,,,1385730.47,345128.73,,,,,0.00,
,,INV0009117,,,11/27/2025,,Posted,,,,,House,,,SOG0003333,,INTERNATIONAL CLINICS S.A,,INTERNATIONAL CLINICS S.A,COMODORO ARTURO MERINO BENITEZ INTERNATIONAL AIRPORT,,,,164942.40,,,0.00,164942.40,,,,,0.00,
,549-37186354,,,,,,,,,,,,,,,,,,,,,,,,,,,,,,,,,
,,INV0009145,,,11/28/2025,,Posted,,,,,House,,,SOG0003338,,WAM CHILE S.A.,,WAM CHILE S.A.,SANTIAGO,,,,622012.22,,,416829.54,205182.67,,,,,0.00,
,,INV0009146,,,11/28/2025,,Posted,,,,,House,,,SOG0003338,,WAM CHILE S.A.,,WAM CHILE S.A.,SANTIAGO,,,,28815.92,,,15437.10,13378.82,,,,,0.00,
,,INV0009147,,,11/28/2025,,Posted,,,,,House,,,SOG0003338,,WAM CHILE S.A.,,WAM CHILE S.A.,SANTIAGO,,,,164662.40,,,0.00,164662.40,,,,,0.00,
,AIC0001650,,,,,,,,,,,,,,,,,,,,,,,,,,,,,,,,,
,,INV0009166,,,12/01/2025,,Posted,,,,,House,,,SOG0003342,,INTERNATIONAL CLINICS S.A,,INTERNATIONAL CLINICS S.A,SANTIAGO,,,,1010681.28,,,773393.42,237287.86,,,,,0.00,
,,INV0009167,,,12/01/2025,,Posted,,,,,House,,,SOG0003342,,INTERNATIONAL CLINICS S.A,,INTERNATIONAL CLINICS S.A,SANTIAGO,,,,164505.60,,,0.00,164505.60,,,,,0.00,
,075-67598694,,,,,,,,,,,,,,,,,,,,,,,,,,,,,,,,,
,,INV0009184,,,12/02/2025,,Posted,,,,,House,,,SOG0003346,,SENSORICA INDUSTRIAL S.P.A.,,SENSORICA INDUSTRIAL S.P.A.,SANTIAGO,,,,859138.61,,,613998.31,245140.30,,,,,0.00,
,,INV0009185,,,12/02/2025,,Posted,,,,,House,,,SOG0003346,,SENSORICA INDUSTRIAL S.P.A.,,SENSORICA INDUSTRIAL S.P.A.,SANTIAGO,,,,164472.00,,,85782.00,78690.00,,,,,0.00,
,369-97542130,,,,,,,,,,,,,,,,,,,,,,,,,,,,,,,,,
,,INV0009246,,,12/09/2025,,Posted,,,,,House,,,SOG0003357,,UNITED SISTEMA DE TUBERIAS SPA,,UNITED SISTEMA DE TUBERIAS SPA,SANTIAGO,,,,1254624.60,,,1046087.50,208537.10,,,,,0.00,
,,INV0009247,,,12/09/2025,,Posted,,,,,House,,,SOG0003357,,UNITED SISTEMA DE TUBERIAS SPA,,UNITED SISTEMA DE TUBERIAS SPA,SANTIAGO,,,,28560.56,,,15300.30,13260.26,,,,,0.00,
,,INV0009248,,,12/09/2025,,Posted,,,,,House,,,SOG0003357,,UNITED SISTEMA DE TUBERIAS SPA,,UNITED SISTEMA DE TUBERIAS SPA,SANTIAGO,,,,163203.20,,,0.00,163203.20,,,,,0.00,
,045-12655160,,,,,,,,,,,,,,,,,,,,,,,,,,,,,,,,,
,,INV0009244,,,12/09/2025,,Posted,,,,,House,,,SOG0003360,,SENSORICA INDUSTRIAL S.P.A.,,SENSORICA INDUSTRIAL S.P.A.,SANTIAGO,,,,1072613.22,,,826626.23,245987.00,,,,,0.00,
,,INV0009245,,,12/09/2025,,Posted,,,,,House,,,SOG0003360,,SENSORICA INDUSTRIAL S.P.A.,,SENSORICA INDUSTRIAL S.P.A.,SANTIAGO,,,,163203.20,,,0.00,163203.20,,,,,0.00,
,112-01098510,,,,,,,,,,,,,,,,,,,,,,,,,,,,,,,,,
,,INV0009223,,,12/05/2025,,Posted,,,,,House,,,SOG0003363,,INTERNATIONAL CLINICS S.A,,INTERNATIONAL CLINICS S.A,SANTIAGO,,,,2960902.38,,,2260359.84,700542.54,,,,,0.00,
,,INV0009224,,,12/05/2025,,Posted,,,,,House,,,SOG0003363,,INTERNATIONAL CLINICS S.A,,INTERNATIONAL CLINICS S.A,SANTIAGO,,,,162904.00,,,0.00,162904.00,,,,,0.00,
,016-75677151,,,,,,,,,,,,,,,,,,,,,,,,,,,,,,,,,
,,INV0009254,,,12/09/2025,,Posted,,,,,House,,,SOG0003374,,MARVIC SERVICIOS DE MANTENIMIENTO SPA.,,MARVIC SERVICIOS DE MANTENIMIENTO SPA.,COMODORO ARTURO MERINO BENITEZ INTERNATIONAL AIRPORT,,,,13073851.35,,,12160494.03,913357.31,,,,,0.00,
,,INV0009255,,,12/09/2025,,Posted,,,,,House,,,SOG0003374,,MARVIC SERVICIOS DE MANTENIMIENTO SPA.,,MARVIC SERVICIOS DE MANTENIMIENTO SPA.,COMODORO ARTURO MERINO BENITEZ INTERNATIONAL AIRPORT,,,,153603.20,,,0.00,153603.20,,,,,0.00,
,,INV0009258,,,12/09/2025,,Posted,,,,,House,,,SOG0003374,,MARVIC SERVICIOS DE MANTENIMIENTO SPA.,,MARVIC SERVICIOS DE MANTENIMIENTO SPA.,COMODORO ARTURO MERINO BENITEZ INTERNATIONAL AIRPORT,,,,12304816.35,,,0.00,12304816.35,,,,,0.00,
,,INV0009259,,,12/09/2025,,Posted,,,,,House,,,SOG0003374,,MARVIC SERVICIOS DE MANTENIMIENTO SPA.,,MARVIC SERVICIOS DE MANTENIMIENTO SPA.,COMODORO ARTURO MERINO BENITEZ INTERNATIONAL AIRPORT,,,,153603.20,,,0.00,153603.20,,,,,0.00,
,,3306,,,12/09/2025,,Posted,,,,,House,,,SOG0003374,,MARVIC SERVICIOS DE MANTENIMIENTO SPA.,,MARVIC SERVICIOS DE MANTENIMIENTO SPA.,COMODORO ARTURO MERINO BENITEZ INTERNATIONAL AIRPORT,,,,-13073851.35,,,0.00,-13073851.35,,,,,0.00,
,,3307,,,12/09/2025,,Posted,,,,,House,,,SOG0003374,,MARVIC SERVICIOS DE MANTENIMIENTO SPA.,,MARVIC SERVICIOS DE MANTENIMIENTO SPA.,COMODORO ARTURO MERINO BENITEZ INTERNATIONAL AIRPORT,,,,-153603.20,,,0.00,-153603.20,,,,,0.00,
,,,,,,,,,,,,,,,,,,,,,,,INCOME,,,EXPENSE,,,PROFIT,,,COMMISION,,
,,,,,,,,,,,,,,,,,,,,,Ignacio Maldonado,,155539227.20,,,127018665.16,,,28520562.04,,,0.00,,
,,Jesus Avenda�o,,,,,,,,,,,,,,,,,,,,,,,,,,,,,,,,
,SHIPMENT,,,,,,,,,,,,,,,,,,,,,,,,,,,,,,,,,
,GID0000022,,,,,,,,,,,,,,,,,,,,,,,,,,,,,,,,,
,,INV0009029,,,11/21/2025,,Posted,,,,,Direct,,,,,TECNOLOGIA DE MATERIALES CHILE S.A,,TECNOLOGIA DE MATERIALES CHILE S.A,,,,,1502500.00,,,1185000.00,317500.00,,,,,30050.00,
,HBLI0001464,,,,,,,,,,,,,,,,,,,,,,,,,,,,,,,,,
,,INV0008972,,,11/19/2025,,Posted,,,,,House,,,,,VON UNGER REPRESENTACIONES SPA,,VON UNGER REPRESENTACIONES SPA,GENOA,,,,10374604.60,,,9140068.08,1234536.52,,,,,207492.09,
,,INV0008973,,,11/19/2025,,Posted,,,,,House,,,,,VON UNGER REPRESENTACIONES SPA,,VON UNGER REPRESENTACIONES SPA,GENOA,,,,812497.84,,,377234.08,435263.76,,,,,16249.96,
,,INV0008974,,,11/19/2025,,Posted,,,,,House,,,,,VON UNGER REPRESENTACIONES SPA,,VON UNGER REPRESENTACIONES SPA,GENOA,,,,308778.00,,,383036.05,-74258.05,,,,,6175.56,
,HBLI0001467,,,,,,,,,,,,,,,,,,,,,,,,,,,,,,,,,
,,INV0009035,,,11/24/2025,,Posted,,,,,House,,,,,ALL AUTOMATIC TRANS S.P.A,,ALL AUTOMATIC TRANS S.P.A,PORT EVERGLADES,,,,46740.20,,,0.00,46740.20,,,,,934.80,
,,INV0009036,,,11/24/2025,,Posted,,,,,House,,,,,ALL AUTOMATIC TRANS S.P.A,,ALL AUTOMATIC TRANS S.P.A,PORT EVERGLADES,,,,107885.44,,,8850.00,99035.44,,,,,2157.71,
,,INV0009037,,,11/24/2025,,Posted,,,,,House,,,,,ALL AUTOMATIC TRANS S.P.A,,ALL AUTOMATIC TRANS S.P.A,PORT EVERGLADES,,,,-46740.20,,,0.00,-46740.20,,,,,-934.80,
,,INV0009034,,,11/24/2025,,Posted,,,,,House,,,,,ALL AUTOMATIC TRANS S.P.A,,ALL AUTOMATIC TRANS S.P.A,PORT EVERGLADES,,,,278271.82,,,83117.00,195154.82,,,,,5565.44,
,HBLI0001509,,,,,,,,,,,,,,,,,,,,,,,,,,,,,,,,,
,,INV0009285,,,12/10/2025,,Posted,,,,,House,,,,,NEXXO S.A.,,NEXXO S.A.,GENOVA ,,,,144966.06,,,30098.15,114867.92,,,,,2899.32,
,,INV0009286,,,12/10/2025,,Posted,,,,,House,,,,,NEXXO S.A.,,NEXXO S.A.,GENOVA ,,,,65330.74,,,0.00,65330.74,,,,,1306.61,
,996-14230926,,,,,,,,,,,,,,,,,,,,,,,,,,,,,,,,,
,,INV0008884,,,11/13/2025,,Posted,,,,,House,,,SOG0003183,,COFAMA S.A.,,COFAMA S.A.,SANTIAGO,,,,1104222.95,,,829559.11,274663.84,,,,,22084.46,
,,INV0008885,,,11/13/2025,,Posted,,,,,House,,,SOG0003183,,COFAMA S.A.,,COFAMA S.A.,SANTIAGO,,,,28906.36,,,15485.55,13420.81,,,,,578.13,
,549-37186332,,,,,,,,,,,,,,,,,,,,,,,,,,,,,,,,,
,,INV0008909,,,11/14/2025,,Posted,,,,,House,,,SOG0003246,,XCMG CHILE S.A.,,XCMG CHILE S.A.,COMODORO ARTURO MERINO BENITEZ INTERNATIONAL AIRPORT,,,,1282458.01,,,1026338.30,256119.71,,,,,25649.16,
,,INV0008911,,,11/14/2025,,Posted,,,,,House,,,SOG0003246,,XCMG CHILE S.A.,,XCMG CHILE S.A.,COMODORO ARTURO MERINO BENITEZ INTERNATIONAL AIRPORT,,,,164100.80,,,67877.00,96223.80,,,,,3282.02,
,045-12999206,,,,,,,,,,,,,,,,,,,,,,,,,,,,,,,,,
,,INV0008931,,,11/17/2025,,Posted,,,,,House,,,SOG0003256,,ANDOVER ALIANZA M�DICA S. A.,,ANDOVER ALIANZA M�DICA S. A.,COMODORO ARTURO MERINO BENITEZ INTERNATIONAL AIRPORT,,,,1294246.81,,,982569.35,311677.46,,,,,25884.94,
,,INV0008932,,,11/17/2025,,Posted,,,,,House,,,SOG0003256,,ANDOVER ALIANZA M�DICA S. A.,,ANDOVER ALIANZA M�DICA S. A.,COMODORO ARTURO MERINO BENITEZ INTERNATIONAL AIRPORT,,,,138496.34,,,90024.68,48471.65,,,,,2769.93,
,,INV0008933,,,11/17/2025,,Posted,,,,,House,,,SOG0003256,,ANDOVER ALIANZA M�DICA S. A.,,ANDOVER ALIANZA M�DICA S. A.,COMODORO ARTURO MERINO BENITEZ INTERNATIONAL AIRPORT,,,,165220.80,,,0.00,165220.80,,,,,3304.42,
,,INV0008934,,,11/17/2025,,Posted,,,,,House,,,SOG0003256,,ANDOVER ALIANZA M�DICA S. A.,,ANDOVER ALIANZA M�DICA S. A.,COMODORO ARTURO MERINO BENITEZ INTERNATIONAL AIRPORT,,,,-165220.80,,,0.00,-165220.80,,,,,-3304.42,
,,INV0008935,,,11/17/2025,,Posted,,,,,House,,,SOG0003256,,ANDOVER ALIANZA M�DICA S. A.,,ANDOVER ALIANZA M�DICA S. A.,COMODORO ARTURO MERINO BENITEZ INTERNATIONAL AIRPORT,,,,165220.80,,,103736.00,61484.80,,,,,3304.42,
,045-12999221,,,,,,,,,,,,,,,,,,,,,,,,,,,,,,,,,
,,INV0008948,,,11/18/2025,,Posted,,,,,House,,,SOG0003271,,ANDOVER ALIANZA M�DICA S. A.,,ANDOVER ALIANZA M�DICA S. A.,COMODORO ARTURO MERINO BENITEZ INTERNATIONAL AIRPORT,,,,849000.15,,,596662.71,252337.44,,,,,16980.00,
,,INV0008949,,,11/18/2025,,Posted,,,,,House,,,SOG0003271,,ANDOVER ALIANZA M�DICA S. A.,,ANDOVER ALIANZA M�DICA S. A.,COMODORO ARTURO MERINO BENITEZ INTERNATIONAL AIRPORT,,,,54805.13,,,35622.31,19182.81,,,,,1096.10,
,,INV0008951,,,11/18/2025,,Posted,,,,,House,,,SOG0003271,,ANDOVER ALIANZA M�DICA S. A.,,ANDOVER ALIANZA M�DICA S. A.,COMODORO ARTURO MERINO BENITEZ INTERNATIONAL AIRPORT,,,,163171.20,,,78319.00,84852.20,,,,,3263.42,
,045-13000584,,,,,,,,,,,,,,,,,,,,,,,,,,,,,,,,,
,,INV0009080,,,11/26/2025,,Posted,,,,,House,,,SOG0003312,,ANDOVER ALIANZA M�DICA S. A.,,ANDOVER ALIANZA M�DICA S. A.,COMODORO ARTURO MERINO BENITEZ INTERNATIONAL AIRPORT,,,,1023148.48,,,993932.71,29215.76,,,,,20462.97,
,,INV0009081,,,11/26/2025,,Posted,,,,,House,,,SOG0003312,,ANDOVER ALIANZA M�DICA S. A.,,ANDOVER ALIANZA M�DICA S. A.,COMODORO ARTURO MERINO BENITEZ INTERNATIONAL AIRPORT,,,,29040.20,,,15557.25,13482.95,,,,,580.80,
,,INV0009082,,,11/26/2025,,Posted,,,,,House,,,SOG0003312,,ANDOVER ALIANZA M�DICA S. A.,,ANDOVER ALIANZA M�DICA S. A.,COMODORO ARTURO MERINO BENITEZ INTERNATIONAL AIRPORT,,,,165944.00,,,165944.00,0.00,,,,,3318.88,
,045-13000595,,,,,,,,,,,,,,,,,,,,,,,,,,,,,,,,,
,,INV0009084,,,11/26/2025,,Posted,,,,,House,,,SOG0003313,,ANDOVER ALIANZA M�DICA S. A.,,ANDOVER ALIANZA M�DICA S. A.,COMODORO ARTURO MERINO BENITEZ INTERNATIONAL AIRPORT,,,,109160.04,,,70951.43,38208.61,,,,,2183.20,
,,INV0009085,,,11/26/2025,,Posted,,,,,House,,,SOG0003313,,ANDOVER ALIANZA M�DICA S. A.,,ANDOVER ALIANZA M�DICA S. A.,COMODORO ARTURO MERINO BENITEZ INTERNATIONAL AIRPORT,,,,165944.00,,,165944.00,0.00,,,,,3318.88,
,,INV0009083,,,11/26/2025,,Posted,,,,,House,,,SOG0003313,,ANDOVER ALIANZA M�DICA S. A.,,ANDOVER ALIANZA M�DICA S. A.,COMODORO ARTURO MERINO BENITEZ INTERNATIONAL AIRPORT,,,,1770415.05,,,1080223.59,690191.46,,,,,35408.30,
,045-14066474,,,,,,,,,,,,,,,,,,,,,,,,,,,,,,,,,
,,INV0009075,,,11/25/2025,,Posted,,,,,House,,,SOG0003315,,COMERCIALIZADORA FACOR LTDA,,COMERCIALIZADORA FACOR LTDA,COMODORO ARTURO MERINO BENITEZ INTERNATIONAL AIRPORT,,,,1762501.74,,,1549724.58,212777.17,,,,,35250.03,
,,INV0009076,,,11/25/2025,,Posted,,,,,House,,,SOG0003315,,COMERCIALIZADORA FACOR LTDA,,COMERCIALIZADORA FACOR LTDA,COMODORO ARTURO MERINO BENITEZ INTERNATIONAL AIRPORT,,,,166331.20,,,0.00,166331.20,,,,,3326.62,
,,INV0009118,,,11/27/2025,,Posted,,,,,House,,,SOG0003315,,COMERCIALIZADORA FACOR LTDA,,COMERCIALIZADORA FACOR LTDA,COMODORO ARTURO MERINO BENITEZ INTERNATIONAL AIRPORT,,,,28864.92,,,15463.35,13401.57,,,,,577.30,
,369-97542152,,,,,,,,,,,,,,,,,,,,,,,,,,,,,,,,,
,,INV0009114,,,11/26/2025,,Posted,,,,,House,,,SOG0003332,,ALL AUTOMATIC TRANS S.P.A,,ALL AUTOMATIC TRANS S.P.A,SANTIAGO,,,,1783379.43,,,1431991.65,351387.78,,,,,35667.59,
,,INV0009115,,,11/26/2025,,Posted,,,,,House,,,SOG0003332,,ALL AUTOMATIC TRANS S.P.A,,ALL AUTOMATIC TRANS S.P.A,SANTIAGO,,,,165944.00,,,28274.00,137670.00,,,,,3318.88,
,,,,,,,,,,,,,,,,,,,,,,,INCOME,,,EXPENSE,,,PROFIT,,,COMMISION,,
,,,,,,,,,,,,,,,,,,,,,Jesus Avenda�o,,26010136.10,,,20551603.93,,,5458532.17,,,520202.72,,
,,Joselin Flores,,,,,,,,,,,,,,,,,,,,,,,,,,,,,,,,
,SHIPMENT,,,,,,,,,,,,,,,,,,,,,,,,,,,,,,,,,
,GID0000021,,,,,,,,,,,,,,,,,,,,,,,,,,,,,,,,,
,,INV0009048,,,11/24/2025,,Posted,,,,,Direct,,,,,ASTRA GREEN SpA,,ASTRA GREEN SpA,,,,,259340.00,,,197409.20,61930.80,,,,,5186.80,
,HBLI0001403,,,,,,,,,,,,,,,,,,,,,,,,,,,,,,,,,
,,3275,,,11/17/2025,,Posted,,,,,House,,,,,WATSON MARLOW BOMBAS CHILE LIMITADA,,WATSON MARLOW BOMBAS CHILE LIMITADA,ANTWERPEN  ,,,,-9212.00,,,0.00,-9212.00,,,,,-184.24,
,HBLI0001441,,,,,,,,,,,,,,,,,,,,,,,,,,,,,,,,,
,,INV0008851,,,11/12/2025,,Posted,,,,,House,,,,,MAQUINAS CHINAS SOCIEDAD ANONIMA,,MAQUINAS CHINAS SOCIEDAD ANONIMA,PUERTO DE SHANGHAI,,,,522716.99,,,464734.10,57982.89,,,,,10454.34,
,,INV0008852,,,11/12/2025,,Posted,,,,,House,,,,,MAQUINAS CHINAS SOCIEDAD ANONIMA,,MAQUINAS CHINAS SOCIEDAD ANONIMA,PUERTO DE SHANGHAI,,,,171211.28,,,48160.00,123051.28,,,,,3424.23,
,HBLI0001458,,,,,,,,,,,,,,,,,,,,,,,,,,,,,,,,,
,,INV0008984,,,11/20/2025,,Posted,,,,,House,,,,,WATSON MARLOW BOMBAS CHILE LIMITADA,,WATSON MARLOW BOMBAS CHILE LIMITADA,ANTWERPEN  ,,,,1554343.49,,,1554343.49,0.00,,,,,31086.87,
,,INV0008985,,,11/20/2025,,Posted,,,,,House,,,,,WATSON MARLOW BOMBAS CHILE LIMITADA,,WATSON MARLOW BOMBAS CHILE LIMITADA,ANTWERPEN  ,,,,236016.42,,,49622.00,186394.42,,,,,4720.33,
,HBLI0001460,,,,,,,,,,,,,,,,,,,,,,,,,,,,,,,,,
,,INV0008990,,,11/20/2025,,Posted,,,,,House,,,,,SPIRAX-SARCO CHILE LTDA,,SPIRAX-SARCO CHILE LTDA,LONDON GATEWAY,,,,169630.30,,,197656.90,-28026.60,,,,,3392.61,
,,INV0008991,,,11/20/2025,,Posted,,,,,House,,,,,SPIRAX-SARCO CHILE LTDA,,SPIRAX-SARCO CHILE LTDA,LONDON GATEWAY,,,,50124.10,,,5640.00,44484.10,,,,,1002.48,
,HBLI0001465,,,,,,,,,,,,,,,,,,,,,,,,,,,,,,,,,
,,INV0009000,,,11/21/2025,,Posted,,,,,House,,,,,PERNOVAL S.A.,,PERNOVAL S.A.,BUSAN ,,,,201745.74,,,119415.45,82330.29,,,,,4034.91,
,,INV0009001,,,11/21/2025,,Posted,,,,,House,,,,,PERNOVAL S.A.,,PERNOVAL S.A.,BUSAN ,,,,15435.00,,,2632.00,12803.00,,,,,308.70,
,HBLI0001468,,,,,,,,,,,,,,,,,,,,,,,,,,,,,,,,,
,,INV0009026,,,11/21/2025,,Posted,,,,,House,,,,,MANNHEIM SPA,,MANNHEIM SPA,NINGBO ,,,,1708140.00,,,1440600.00,267540.00,,,,,34162.80,
,,INV0009028,,,11/21/2025,,Posted,,,,,House,,,,,MANNHEIM SPA,,MANNHEIM SPA,NINGBO ,,,,274350.00,,,238090.57,36259.43,,,,,5487.00,
,HBLI0001474,,,,,,,,,,,,,,,,,,,,,,,,,,,,,,,,,
,,INV0009138,,,11/28/2025,,Posted,,,,,House,,,,,Key Process SpA,,Key Process SpA,XINGANG ,,,,9221094.40,,,8388095.00,832999.40,,,,,184421.89,
,,INV0009139,,,11/28/2025,,Posted,,,,,House,,,,,Key Process SpA,,Key Process SpA,XINGANG ,,,,618152.94,,,334830.70,283322.24,,,,,12363.06,
,,INV0009140,,,11/28/2025,,Posted,,,,,House,,,,,Key Process SpA,,Key Process SpA,XINGANG ,,,,1049722.80,,,574504.00,475218.80,,,,,20994.46,
,HBLI0001475,,,,,,,,,,,,,,,,,,,,,,,,,,,,,,,,,
,,INV0009089,,,11/26/2025,,Posted,,,,,House,,,,,GLASS LAB CHILE SPA,,GLASS LAB CHILE SPA,HAMBURG,,,,3312183.44,,,2918585.84,393597.60,,,,,66243.67,
,,INV0009090,,,11/26/2025,,Posted,,,,,House,,,,,GLASS LAB CHILE SPA,,GLASS LAB CHILE SPA,HAMBURG,,,,327438.63,,,247717.00,79721.63,,,,,6548.77,
,HBLI0001476,,,,,,,,,,,,,,,,,,,,,,,,,,,,,,,,,
,,INV0009119,,,11/27/2025,,Posted,,,,,House,,,,,TESTORI LATAM S.P.A.,,TESTORI LATAM S.P.A.,GENOVA ,,,,577152.65,,,551036.64,26116.01,,,,,11543.05,
,,INV0009120,,,11/27/2025,,Posted,,,,,House,,,,,TESTORI LATAM S.P.A.,,TESTORI LATAM S.P.A.,GENOVA ,,,,281823.10,,,259655.14,22167.96,,,,,5636.46,
,,INV0009121,,,11/27/2025,,Posted,,,,,House,,,,,TESTORI LATAM S.P.A.,,TESTORI LATAM S.P.A.,GENOVA ,,,,352276.70,,,54425.00,297851.70,,,,,7045.53,
,HBLI0001477,,,,,,,,,,,,,,,,,,,,,,,,,,,,,,,,,
,,INV0009105,,,11/26/2025,,Posted,,,,,House,,,,,WATSON MARLOW BOMBAS CHILE LIMITADA,,WATSON MARLOW BOMBAS CHILE LIMITADA,"ANTWERP, BELGIUM",,,,269924.46,,,181949.44,87975.03,,,,,5398.49,
,,INV0009106,,,11/26/2025,,Posted,,,,,House,,,,,WATSON MARLOW BOMBAS CHILE LIMITADA,,WATSON MARLOW BOMBAS CHILE LIMITADA,"ANTWERP, BELGIUM",,,,50218.80,,,8420.00,41798.80,,,,,1004.38,
,HBLI0001490,,,,,,,,,,,,,,,,,,,,,,,,,,,,,,,,,
,,INV0009215,,,12/04/2025,,Posted,,,,,House,,,,,WATSON MARLOW BOMBAS CHILE LIMITADA,,WATSON MARLOW BOMBAS CHILE LIMITADA,"ANTWERP, BELGIUM",,,,404935.62,,,293561.18,111374.44,,,,,8098.71,
,,INV0009216,,,12/04/2025,,Posted,,,,,House,,,,,WATSON MARLOW BOMBAS CHILE LIMITADA,,WATSON MARLOW BOMBAS CHILE LIMITADA,"ANTWERP, BELGIUM",,,,77856.16,,,13168.00,64688.16,,,,,1557.12,
,230-66538183,,,,,,,,,,,,,,,,,,,,,,,,,,,,,,,,,
,,3273,,,11/17/2025,,Posted,,,,,House,,,SOG0003060,,WATSON MARLOW BOMBAS CHILE LIMITADA,,WATSON MARLOW BOMBAS CHILE LIMITADA,COMODORO ARTURO MERINO BENITEZ INTERNATIONAL AIRPORT,,,,-144537.00,,,0.00,-144537.00,,,,,-2890.74,
,047-34607064,,,,,,,,,,,,,,,,,,,,,,,,,,,,,,,,,
,,3274,,,11/17/2025,,Posted,,,,,House,,,SOG0003072,,WATSON MARLOW BOMBAS CHILE LIMITADA,,WATSON MARLOW BOMBAS CHILE LIMITADA,COMODORO ARTURO MERINO BENITEZ INTERNATIONAL AIRPORT,,,,-449198.00,,,0.00,-449198.00,,,,,-8983.96,
,605-00634760,,,,,,,,,,,,,,,,,,,,,,,,,,,,,,,,,
,,3271,,,11/13/2025,,Posted,,,,,House,,,SOG0003089,,OI BEB� SPA,,OI BEB� SPA,SANTIAGO,,,,-40098.00,,,0.00,-40098.00,,,,,-801.96,
,615-60692516,,,,,,,,,,,,,,,,,,,,,,,,,,,,,,,,,
,,INV0009060,,,11/24/2025,,Posted,,,,,House,,,SOG0003170,,RIEGEL EIRL,,RIEGEL EIRL,COMODORO ARTURO MERINO BENITEZ INTERNATIONAL AIRPORT,,,,35000.00,,,69784.65,-34784.65,,,,,700.00,
,,3299,,,11/27/2025,,Posted,,,,,House,,,SOG0003170,,RIEGEL EIRL,,RIEGEL EIRL,COMODORO ARTURO MERINO BENITEZ INTERNATIONAL AIRPORT,,,,-35000.00,,,0.00,-35000.00,,,,,-700.00,
,006-52737042,,,,,,,,,,,,,,,,,,,,,,,,,,,,,,,,,
,,INV0009148,,,11/28/2025,,Posted,,,,,House,,,SOG0003339,,IMPORTADORA Y COMERCIALIZADORA SKILL TRAINING SPA,,IMPORTADORA Y COMERCIALIZADORA SKILL TRAINING SPA,COMODORO ARTURO MERINO BENITEZ INTERNATIONAL AIRPORT,,,,1953904.62,,,1834756.79,119147.83,,,,,39078.09,
,,INV0009151,,,11/28/2025,,Posted,,,,,House,,,SOG0003339,,IMPORTADORA Y COMERCIALIZADORA SKILL TRAINING SPA,,IMPORTADORA Y COMERCIALIZADORA SKILL TRAINING SPA,COMODORO ARTURO MERINO BENITEZ INTERNATIONAL AIRPORT,,,,121000.00,,,110000.00,11000.00,,,,,2420.00,
,,INV0009152,,,11/28/2025,,Posted,,,,,House,,,SOG0003339,,IMPORTADORA Y COMERCIALIZADORA SKILL TRAINING SPA,,IMPORTADORA Y COMERCIALIZADORA SKILL TRAINING SPA,COMODORO ARTURO MERINO BENITEZ INTERNATIONAL AIRPORT,,,,164662.40,,,0.00,164662.40,,,,,3293.25,
,577-11182544,,,,,,,,,,,,,,,,,,,,,,,,,,,,,,,,,
,,INV0009188,,,12/02/2025,,Posted,,,,,House,,,SOG0003345,,WATSON MARLOW BOMBAS CHILE LIMITADA,,WATSON MARLOW BOMBAS CHILE LIMITADA,COMODORO ARTURO MERINO BENITEZ INTERNATIONAL AIRPORT,,,,3968731.49,,,3536082.42,432649.07,,,,,79374.63,
,,INV0009189,,,12/02/2025,,Posted,,,,,House,,,SOG0003345,,WATSON MARLOW BOMBAS CHILE LIMITADA,,WATSON MARLOW BOMBAS CHILE LIMITADA,COMODORO ARTURO MERINO BENITEZ INTERNATIONAL AIRPORT,,,,124577.26,,,57842.75,66734.51,,,,,2491.55,
,,INV0009190,,,12/02/2025,,Posted,,,,,House,,,SOG0003345,,WATSON MARLOW BOMBAS CHILE LIMITADA,,WATSON MARLOW BOMBAS CHILE LIMITADA,COMODORO ARTURO MERINO BENITEZ INTERNATIONAL AIRPORT,,,,164472.00,,,190787.20,-26315.20,,,,,3289.44,
,784-81698680,,,,,,,,,,,,,,,,,,,,,,,,,,,,,,,,,
,,INV0009261,,,12/09/2025,,Posted,,,,,House,,,SOG0003375,,DISTRIBUIDORA HEINRICH SPA,,DISTRIBUIDORA HEINRICH SPA,COMODORO ARTURO MERINO BENITEZ INTERNATIONAL AIRPORT,,,,1419051.82,,,1239156.26,179895.57,,,,,28381.04,
,,INV0009262,,,12/09/2025,,Posted,,,,,House,,,SOG0003375,,DISTRIBUIDORA HEINRICH SPA,,DISTRIBUIDORA HEINRICH SPA,COMODORO ARTURO MERINO BENITEZ INTERNATIONAL AIRPORT,,,,148803.20,,,169846.40,-21043.20,,,,,2976.06,
,,,,,,,,,,,,,,,,,,,,,,,INCOME,,,EXPENSE,,,PROFIT,,,COMMISION,,
,,,,,,,,,,,,,,,,,,,,,Joselin Flores,,29127990.81,,,25352508.10,,,3775482.71,,,582559.82,,
,,Leonardo Martinez Figueroa,,,,,,,,,,,,,,,,,,,,,,,,,,,,,,,,
,SHIPMENT,,,,,,,,,,,,,,,,,,,,,,,,,,,,,,,,,
,OIC0000063,,,,,,,,,,,,,,,,,,,,,,,,,,,,,,,,,
,,INV0009144,,,11/28/2025,,Posted,,,,,Master,,,,,MVK FOODS SPA,,MVK FOODS SPA,HAMBURG,,,,3790782.53,,,3343415.75,447366.78,,,,,75815.65,
,,INV0009212,,,12/04/2025,,Posted,,,,,Master,,,,,MVK FOODS SPA,,MVK FOODS SPA,HAMBURG,,,,235292.39,,,267354.00,-32061.61,,,,,4705.85,
,006-52703711,,,,,,,,,,,,,,,,,,,,,,,,,,,,,,,,,
,,INV0008936,,,11/17/2025,,Posted,,,,,House,,,SOG0003251,,FILTERGROUP CHILE SPA,,FILTERGROUP CHILE SPA,COMODORO ARTURO MERINO BENITEZ INTERNATIONAL AIRPORT,,,,2099563.97,,,1727520.86,372043.11,,,,,41991.28,
,,INV0008937,,,11/17/2025,,Posted,,,,,House,,,SOG0003251,,FILTERGROUP CHILE SPA,,FILTERGROUP CHILE SPA,COMODORO ARTURO MERINO BENITEZ INTERNATIONAL AIRPORT,,,,165220.80,,,106400.00,58820.80,,,,,3304.42,
,074-04199893,,,,,,,,,,,,,,,,,,,,,,,,,,,,,,,,,
,,INV0009061,,,11/24/2025,,Posted,,,,,House,,,SOG0003309,,MCG CHILE SPA,,MCG HIDRAULICA PERU SAC,Lima,,,,1722634.24,,,1563027.38,159606.86,,,,,34452.68,
,,,,,,,,,,,,,,,,,,,,,,,INCOME,,,EXPENSE,,,PROFIT,,,COMMISION,,
,,,,,,,,,,,,,,,,,,,,,Leonardo Martinez Figueroa,,8013493.93,,,7007717.98,,,1005775.94,,,160269.88,,
,,Martin Perez Salinas,,,,,,,,,,,,,,,,,,,,,,,,,,,,,,,,
,SHIPMENT,,,,,,,,,,,,,,,,,,,,,,,,,,,,,,,,,
,GID0000020,,,,,,,,,,,,,,,,,,,,,,,,,,,,,,,,,
,,INV0009033,,,11/24/2025,,Posted,,,,,Direct,,,,,COMERCIAL E INDUSTRIAL ABELEC SPA,,,,,,,35000.00,,,30000.00,5000.00,,,,,700.00,
,HBLI0001436,,,,,,,,,,,,,,,,,,,,,,,,,,,,,,,,,
,,INV0008827,,,11/11/2025,,Posted,,,,,House,,,,,COMERCIAL E INDUSTRIAL ABELEC SPA,,COMERCIAL E INDUSTRIAL ABELEC SPA,NINGBO ,,,,188300.17,,,37179.16,151121.01,,,,,3766.00,
,,INV0008829,,,11/11/2025,,Posted,,,,,House,,,,,COMERCIAL E INDUSTRIAL ABELEC SPA,,COMERCIAL E INDUSTRIAL ABELEC SPA,NINGBO ,,,,93457.92,,,16650.00,76807.92,,,,,1869.16,
,,INV0009267,,,12/10/2025,,Posted,,,,,House,,,,,COMERCIAL E INDUSTRIAL ABELEC SPA,,COMERCIAL E INDUSTRIAL ABELEC SPA,NINGBO ,,,,331000.00,,,270000.00,61000.00,,,,,6620.00,
,HBLI0001494,,,,,,,,,,,,,,,,,,,,,,,,,,,,,,,,,
,,INV0009282,,,12/10/2025,,Posted,,,,,House,,,,,INDUSTRIAS DE BALATAS SA,,INDUSTRIAS DE BALATAS SA,PUERTO DE SHANGHAI,,,,1827864.20,,,1402978.85,424885.35,,,,,36557.28,
,,INV0009284,,,12/10/2025,,Posted,,,,,House,,,,,INDUSTRIAS DE BALATAS SA,,INDUSTRIAS DE BALATAS SA,PUERTO DE SHANGHAI,,,,294573.67,,,0.00,294573.67,,,,,5891.47,
,549-36927892,,,,,,,,,,,,,,,,,,,,,,,,,,,,,,,,,
,,INV0009156,,,12/01/2025,,Posted,,,,,House,,,SOG0003145,,INDUSTRIAS DE BALATAS SA,,INDUSTRIAS DE BALATAS SA,COMODORO ARTURO MERINO BENITEZ INTERNATIONAL AIRPORT,,,,28788.48,,,359877.42,-331088.94,,,,,575.77,
,369-97542152,,,,,,,,,,,,,,,,,,,,,,,,,,,,,,,,,
,,INV0009107,,,11/26/2025,,Posted,,,,,House,,,SOG0003330,,INDUSTRIAS DE BALATAS SA,,INDUSTRIAS DE BALATAS SA,SANTIAGO,,,,705262.00,,,580112.50,125149.50,,,,,14105.24,
,,INV0009109,,,11/26/2025,,Posted,,,,,House,,,SOG0003330,,INDUSTRIAS DE BALATAS SA,,INDUSTRIAS DE BALATAS SA,SANTIAGO,,,,165944.00,,,28274.00,137670.00,,,,,3318.88,
,,,,,,,,,,,,,,,,,,,,,,,INCOME,,,EXPENSE,,,PROFIT,,,COMMISION,,
,,,,,,,,,,,,,,,,,,,,,Martin Perez Salinas,,3670190.44,,,2725071.93,,,945118.51,,,73403.81,,
,,Natalia Aguilera,,,,,,,,,,,,,,,,,,,,,,,,,,,,,,,,
,SHIPMENT,,,,,,,,,,,,,,,,,,,,,,,,,,,,,,,,,
,HAWBI0002120,,,,,,,,,,,,,,,,,,,,,,,,,,,,,,,,,
,,INV0008922,,,11/17/2025,,Posted,,,,,House,,,,,INGENIERIA Y MAQUINARIAS S.A,,INGENIERIA Y MAQUINARIAS S.A,,,,,28913.64,,,15489.45,13424.19,,,,,578.27,
,HAWBI0002161,,,,,,,,,,,,,,,,,,,,,,,,,,,,,,,,,
,,INV0009168,,,12/01/2025,,Posted,,,,,House,,,,,GEOCOM S.A.,,GEOCOM S.A.,COMODORO ARTURO MERINO BENITEZ INTERNATIONAL AIRPORT,,,,370137.60,,,169348.23,200789.37,,,,,7402.75,
,,INV0009169,,,12/01/2025,,Posted,,,,,House,,,,,GEOCOM S.A.,,GEOCOM S.A.,COMODORO ARTURO MERINO BENITEZ INTERNATIONAL AIRPORT,,,,100000.00,,,85000.00,15000.00,,,,,2000.00,
,HBLI0001402,,,,,,,,,,,,,,,,,,,,,,,,,,,,,,,,,
,,INV0008942,,,11/18/2025,,Posted,,,,,House,,,,,COMERCIALIZADORA E IMPORTADORA ROYAL TEC CHILE LIMITADA,,COMERCIALIZADORA E IMPORTADORA ROYAL TEC CHILE LIMITADA,HAMBURG,,,,390000.00,,,442227.50,-52227.50,,,,,7800.00,
,HBLI0001412,,,,,,,,,,,,,,,,,,,,,,,,,,,,,,,,,
,,INV0009110,,,11/26/2025,,Posted,,,,,House,,,,,OM Connection Yoga SPA,,OM Connection Yoga SPA,PUERTO DE SHANGHAI,,,,230000.00,,,210000.00,20000.00,,,,,4600.00,
,HBLI0001414,,,,,,,,,,,,,,,,,,,,,,,,,,,,,,,,,
,,INV0009219,,,12/04/2025,,Posted,,,,,House,,,,,BIOLED SPA,,BIOLED SPA,PUERTO DE SHANGHAI,,,,1740000.00,,,0.00,1740000.00,,,,,34800.00,
,HBLI0001435,,,,,,,,,,,,,,,,,,,,,,,,,,,,,,,,,
,,INV0009171,,,12/01/2025,,Posted,,,,,House,,,,,COMERCIALIZADORA E IMPORTADORA ROYAL TEC CHILE LIMITADA,,COMERCIALIZADORA E IMPORTADORA ROYAL TEC CHILE LIMITADA,HAMBURG,,,,460000.00,,,420000.00,40000.00,,,,,9200.00,
,HBLI0001439,,,,,,,,,,,,,,,,,,,,,,,,,,,,,,,,,
,,INV0008846,,,11/12/2025,,Posted,,,,,House,,,,,QUILHOT Y BITRERAS LIMITADA,,QUILHOT Y BITRERAS LIMITADA,TIANJIN  ,,,,4610012.94,,,4114030.35,495982.59,,,,,92200.26,
,,INV0008847,,,11/12/2025,,Posted,,,,,House,,,,,QUILHOT Y BITRERAS LIMITADA,,QUILHOT Y BITRERAS LIMITADA,TIANJIN  ,,,,55131.44,,,25600.81,29530.63,,,,,1102.63,
,,INV0008848,,,11/12/2025,,Posted,,,,,House,,,,,QUILHOT Y BITRERAS LIMITADA,,QUILHOT Y BITRERAS LIMITADA,TIANJIN  ,,,,456231.60,,,323604.30,132627.30,,,,,9124.63,
,HBLI0001443,,,,,,,,,,,,,,,,,,,,,,,,,,,,,,,,,
,,INV0008878,,,11/13/2025,,Posted,,,,,House,,,,,SCANCONTROLS INGENIERIA LTDA,,SCANCONTROLS INGENIERIA LTDA,NEW YORK  ,,,,424304.07,,,134208.10,290095.97,,,,,8486.08,
,,INV0008879,,,11/13/2025,,Posted,,,,,House,,,,,SCANCONTROLS INGENIERIA LTDA,,SCANCONTROLS INGENIERIA LTDA,NEW YORK  ,,,,50947.46,,,23651.60,27295.86,,,,,1018.95,
,,INV0008880,,,11/13/2025,,Posted,,,,,House,,,,,SCANCONTROLS INGENIERIA LTDA,,SCANCONTROLS INGENIERIA LTDA,NEW YORK  ,,,,67104.05,,,2000.00,65104.05,,,,,1342.08,
,HBLI0001444,,,,,,,,,,,,,,,,,,,,,,,,,,,,,,,,,
,,INV0008869,,,11/13/2025,,Posted,,,,,House,,,,,SCANCONTROLS INGENIERIA LTDA,,SCANCONTROLS INGENIERIA LTDA,SYDNEY  ,,,,135653.42,,,62984.89,72668.52,,,,,2713.07,
,,INV0008870,,,11/13/2025,,Posted,,,,,House,,,,,SCANCONTROLS INGENIERIA LTDA,,SCANCONTROLS INGENIERIA LTDA,SYDNEY  ,,,,207878.02,,,20848.00,187030.02,,,,,4157.56,
,,INV0008868,,,11/13/2025,,Posted,,,,,House,,,,,SCANCONTROLS INGENIERIA LTDA,,SCANCONTROLS INGENIERIA LTDA,SYDNEY  ,,,,2143736.95,,,1728879.07,414857.88,,,,,42874.74,
,HBLI0001447,,,,,,,,,,,,,,,,,,,,,,,,,,,,,,,,,
,,INV0008920,,,11/17/2025,,Posted,,,,,House,,,,,Rolando Quezada,,Rolando Quezada,QINGDAO ,,,,255059.61,,,106360.89,148698.72,,,,,5101.19,
,,INV0008921,,,11/17/2025,,Posted,,,,,House,,,,,Rolando Quezada,,Rolando Quezada,QINGDAO ,,,,61957.80,,,2500.00,59457.80,,,,,1239.16,
,,INV0009220,,,12/04/2025,,Posted,,,,,House,,,,,Rolando Quezada,,Rolando Quezada,QINGDAO ,,,,130000.00,,,0.00,130000.00,,,,,2600.00,
,HBLI0001448,,,,,,,,,,,,,,,,,,,,,,,,,,,,,,,,,
,,INV0008924,,,11/17/2025,,Posted,,,,,House,,,,,SCANCONTROLS INGENIERIA LTDA,,SCANCONTROLS INGENIERIA LTDA,PUERTO DE SHANGHAI,,,,3459310.50,,,2949486.65,509823.85,,,,,69186.21,
,,INV0008925,,,11/17/2025,,Posted,,,,,House,,,,,SCANCONTROLS INGENIERIA LTDA,,SCANCONTROLS INGENIERIA LTDA,PUERTO DE SHANGHAI,,,,1573242.78,,,1573242.78,0.00,,,,,31464.86,
,,INV0008926,,,11/17/2025,,Posted,,,,,House,,,,,SCANCONTROLS INGENIERIA LTDA,,SCANCONTROLS INGENIERIA LTDA,PUERTO DE SHANGHAI,,,,469846.65,,,0.00,469846.65,,,,,9396.93,
,HBLI0001451,,,,,,,,,,,,,,,,,,,,,,,,,,,,,,,,,
,,INV0008923,,,11/17/2025,,Posted,,,,,House,,,,,INGENIERIA Y MAQUINARIAS S.A,,INGENIERIA Y MAQUINARIAS S.A,,,,,91201.88,,,59283.29,31918.59,,,,,1824.04,
,HBLI0001456,,,,,,,,,,,,,,,,,,,,,,,,,,,,,,,,,
,,INV0008969,,,11/19/2025,,Posted,,,,,House,,,,,SCANCONTROLS INGENIERIA LTDA,,SCANCONTROLS INGENIERIA LTDA,GENOVA ,,,,858257.36,,,428122.59,430134.78,,,,,17165.15,
,,INV0008970,,,11/19/2025,,Posted,,,,,House,,,,,SCANCONTROLS INGENIERIA LTDA,,SCANCONTROLS INGENIERIA LTDA,GENOVA ,,,,198142.84,,,91995.26,106147.58,,,,,3962.86,
,,INV0008971,,,11/19/2025,,Posted,,,,,House,,,,,SCANCONTROLS INGENIERIA LTDA,,SCANCONTROLS INGENIERIA LTDA,GENOVA ,,,,117747.34,,,8675.00,109072.34,,,,,2354.95,
,HBLI0001461,,,,,,,,,,,,,,,,,,,,,,,,,,,,,,,,,
,,INV0008995,,,11/20/2025,,Posted,,,,,House,,,,,Emotron Latin America SpA,,Emotron Latin America SpA,"ANTWERP, BELGIUM",,,,1713619.49,,,1538699.36,174920.13,,,,,34272.39,
,,INV0008998,,,11/20/2025,,Posted,,,,,House,,,,,Emotron Latin America SpA,,Emotron Latin America SpA,"ANTWERP, BELGIUM",,,,408789.85,,,189790.87,218998.98,,,,,8175.80,
,,INV0008999,,,11/20/2025,,Posted,,,,,House,,,,,Emotron Latin America SpA,,Emotron Latin America SpA,"ANTWERP, BELGIUM",,,,121752.05,,,20872.00,100880.05,,,,,2435.04,
,HBLI0001483,,,,,,,,,,,,,,,,,,,,,,,,,,,,,,,,,
,,INV0009123,,,11/27/2025,,Posted,,,,,House,,,,,SCANCONTROLS INGENIERIA LTDA,,SCANCONTROLS INGENIERIA LTDA,SYDNEY  ,,,,1112618.96,,,833165.30,279453.66,,,,,22252.38,
,,INV0009124,,,11/27/2025,,Posted,,,,,House,,,,,SCANCONTROLS INGENIERIA LTDA,,SCANCONTROLS INGENIERIA LTDA,SYDNEY  ,,,,116531.81,,,9072.00,107459.81,,,,,2330.64,
,,INV0009125,,,11/27/2025,,Posted,,,,,House,,,,,SCANCONTROLS INGENIERIA LTDA,,SCANCONTROLS INGENIERIA LTDA,SYDNEY  ,,,,80316.64,,,37287.29,43029.35,,,,,1606.33,
,HBLI0001486,,,,,,,,,,,,,,,,,,,,,,,,,,,,,,,,,
,,INV0009191,,,12/02/2025,,Posted,,,,,House,,,,,Emotron Latin America SpA,,Emotron Latin America SpA,Nava Sheva,,,,841685.46,,,725417.18,116268.28,,,,,16833.71,
,,INV0009192,,,12/02/2025,,Posted,,,,,House,,,,,Emotron Latin America SpA,,Emotron Latin America SpA,Nava Sheva,,,,372775.79,,,173075.94,199699.85,,,,,7455.52,
,,INV0009193,,,12/02/2025,,Posted,,,,,House,,,,,Emotron Latin America SpA,,Emotron Latin America SpA,Nava Sheva,,,,46257.75,,,0.00,46257.75,,,,,925.16,
,HBLI0001493,,,,,,,,,,,,,,,,,,,,,,,,,,,,,,,,,
,,INV0009279,,,12/10/2025,,Posted,,,,,House,,,,,EL MIRADOR SPA,,EL MIRADOR SPA,NINGBO ,,,,372247.63,,,12836.13,359411.50,,,,,7444.95,
,,INV0009280,,,12/10/2025,,Posted,,,,,House,,,,,EL MIRADOR SPA,,EL MIRADOR SPA,NINGBO ,,,,28752.92,,,15403.35,13349.57,,,,,575.06,
,,INV0009281,,,12/10/2025,,Posted,,,,,House,,,,,EL MIRADOR SPA,,EL MIRADOR SPA,NINGBO ,,,,238751.93,,,0.00,238751.93,,,,,4775.04,
,HBLI0001512,,,,,,,,,,,,,,,,,,,,,,,,,,,,,,,,,
,,INV0009291,,,12/10/2025,,Posted,,,,,House,,,,,SCANCONTROLS INGENIERIA LTDA,,SCANCONTROLS INGENIERIA LTDA,PHILADELPHIA,,,,3586505.75,,,3139500.53,447005.22,,,,,71730.11,
,,INV0009292,,,12/10/2025,,Posted,,,,,House,,,,,SCANCONTROLS INGENIERIA LTDA,,SCANCONTROLS INGENIERIA LTDA,PHILADELPHIA,,,,206415.16,,,95839.64,110575.52,,,,,4128.30,
,,INV0009293,,,12/10/2025,,Posted,,,,,House,,,,,SCANCONTROLS INGENIERIA LTDA,,SCANCONTROLS INGENIERIA LTDA,PHILADELPHIA,,,,215862.55,,,0.00,215862.55,,,,,4317.25,
,045 -15431640,,,,,,,,,,,,,,,,,,,,,,,,,,,,,,,,,
,,INV0008820,,,11/10/2025,,Posted,,,,,House,,,SOG0003178,,TELECOMUNICACIONES AXON SPA,,TELECOMUNICACIONES AXON SPA,COMODORO ARTURO MERINO BENITEZ INTERNATIONAL AIRPORT,,,,81648.57,,,90866.84,-9218.27,,,,,1632.97,
,014-78011975,,,,,,,,,,,,,,,,,,,,,,,,,,,,,,,,,
,,INV0008813,,,11/10/2025,,Posted,,,,,House,,,SOG0003220,,SCANCONTROLS INGENIERIA LTDA,,SCANCONTROLS INGENIERIA LTDA,COMODORO ARTURO MERINO BENITEZ INTERNATIONAL AIRPORT,,,,715437.54,,,525381.88,190055.66,,,,,14308.75,
,,INV0008814,,,11/10/2025,,Posted,,,,,House,,,SOG0003220,,SCANCONTROLS INGENIERIA LTDA,,SCANCONTROLS INGENIERIA LTDA,COMODORO ARTURO MERINO BENITEZ INTERNATIONAL AIRPORT,,,,35373.37,,,18392.90,16980.48,,,,,707.47,
,045-16344801,,,,,,,,,,,,,,,,,,,,,,,,,,,,,,,,,
,,INV0008834,,,11/11/2025,,Posted,,,,,House,,,SOG0003224,,SCANCONTROLS INGENIERIA LTDA,,SCANCONTROLS INGENIERIA LTDA,COMODORO ARTURO MERINO BENITEZ INTERNATIONAL AIRPORT,,,,1116174.53,,,907881.70,208292.83,,,,,22323.49,
,,INV0008835,,,11/11/2025,,Posted,,,,,House,,,SOG0003224,,SCANCONTROLS INGENIERIA LTDA,,SCANCONTROLS INGENIERIA LTDA,COMODORO ARTURO MERINO BENITEZ INTERNATIONAL AIRPORT,,,,166536.00,,,82059.00,84477.00,,,,,3330.72,
,,INV0008836,,,11/11/2025,,Posted,,,,,House,,,SOG0003224,,SCANCONTROLS INGENIERIA LTDA,,SCANCONTROLS INGENIERIA LTDA,COMODORO ARTURO MERINO BENITEZ INTERNATIONAL AIRPORT,,,,29143.80,,,15612.75,13531.05,,,,,582.88,
,045-12999151,,,,,,,,,,,,,,,,,,,,,,,,,,,,,,,,,
,,INV0008837,,,11/11/2025,,Posted,,,,,House,,,SOG0003236,,GEOCOM S.A.,,GEOCOM S.A.,COMODORO ARTURO MERINO BENITEZ INTERNATIONAL AIRPORT,,,,1560796.21,,,1236021.01,324775.20,,,,,31215.92,
,,INV0008838,,,11/11/2025,,Posted,,,,,House,,,SOG0003236,,GEOCOM S.A.,,GEOCOM S.A.,COMODORO ARTURO MERINO BENITEZ INTERNATIONAL AIRPORT,,,,166536.00,,,103736.00,62800.00,,,,,3330.72,
,071-58636535,,,,,,,,,,,,,,,,,,,,,,,,,,,,,,,,,
,,INV0008892,,,11/14/2025,,Posted,,,,,House,,,SOG0003238,,GEOCOM S.A.,,GEOCOM S.A.,COMODORO ARTURO MERINO BENITEZ INTERNATIONAL AIRPORT,,,,2198119.96,,,1888939.70,309180.26,,,,,43962.40,
,,INV0008894,,,11/14/2025,,Posted,,,,,House,,,SOG0003238,,GEOCOM S.A.,,GEOCOM S.A.,COMODORO ARTURO MERINO BENITEZ INTERNATIONAL AIRPORT,,,,164100.80,,,31306.00,132794.80,,,,,3282.02,
,071-58636535,,,,,,,,,,,,,,,,,,,,,,,,,,,,,,,,,
,,INV0008857,,,11/12/2025,,Posted,,,,,House,,,SOG0003239,,BIOLED SPA,,BIOLED SPA,COMODORO ARTURO MERINO BENITEZ INTERNATIONAL AIRPORT,,,,1478812.52,,,1235566.11,243246.41,,,,,29576.25,
,,INV0008858,,,11/12/2025,,Posted,,,,,House,,,SOG0003239,,BIOLED SPA,,BIOLED SPA,COMODORO ARTURO MERINO BENITEZ INTERNATIONAL AIRPORT,,,,29032.92,,,15553.35,13479.57,,,,,580.66,
,,INV0008859,,,11/12/2025,,Posted,,,,,House,,,SOG0003239,,BIOLED SPA,,BIOLED SPA,COMODORO ARTURO MERINO BENITEZ INTERNATIONAL AIRPORT,,,,165902.40,,,31306.00,134596.40,,,,,3318.05,
,071-58636535,,,,,,,,,,,,,,,,,,,,,,,,,,,,,,,,,
,,INV0008875,,,11/13/2025,,Posted,,,,,House,,,SOG0003240,,CABO DE HORNOS SPA,,CABO DE HORNOS SPA,COMODORO ARTURO MERINO BENITEZ INTERNATIONAL AIRPORT,,,,5382983.65,,,4580172.95,802810.71,,,,,107659.67,
,,INV0008876,,,11/13/2025,,Posted,,,,,House,,,SOG0003240,,CABO DE HORNOS SPA,,CABO DE HORNOS SPA,COMODORO ARTURO MERINO BENITEZ INTERNATIONAL AIRPORT,,,,28906.36,,,15485.55,13420.81,,,,,578.13,
,,INV0008877,,,11/13/2025,,Posted,,,,,House,,,SOG0003240,,CABO DE HORNOS SPA,,CABO DE HORNOS SPA,COMODORO ARTURO MERINO BENITEZ INTERNATIONAL AIRPORT,,,,165179.20,,,31306.00,133873.20,,,,,3303.58,
,,3297,,,11/26/2025,,Posted,,,,,House,,,SOG0003240,,CABO DE HORNOS SPA,,CABO DE HORNOS SPA,COMODORO ARTURO MERINO BENITEZ INTERNATIONAL AIRPORT,,,,-10052.00,,,0.00,-10052.00,,,,,-201.04,
,,3310,,,12/10/2025,,Posted,,,,,House,,,SOG0003240,,CABO DE HORNOS SPA,,CABO DE HORNOS SPA,COMODORO ARTURO MERINO BENITEZ INTERNATIONAL AIRPORT,,,,-341426.00,,,0.00,-341426.00,,,,,-6828.52,
,784-41504525,,,,,,,,,,,,,,,,,,,,,,,,,,,,,,,,,
,,INV0008903,,,11/14/2025,,Posted,,,,,House,,,SOG0003250,,BIOLED SPA,,BIOLED SPA,COMODORO ARTURO MERINO BENITEZ INTERNATIONAL AIRPORT,,,,2139156.49,,,1911676.06,227480.44,,,,,42783.13,
,,INV0008904,,,11/14/2025,,Posted,,,,,House,,,SOG0003250,,BIOLED SPA,,BIOLED SPA,COMODORO ARTURO MERINO BENITEZ INTERNATIONAL AIRPORT,,,,37353.44,,,19425.43,17928.01,,,,,747.07,
,,INV0008905,,,11/14/2025,,Posted,,,,,House,,,SOG0003250,,BIOLED SPA,,BIOLED SPA,COMODORO ARTURO MERINO BENITEZ INTERNATIONAL AIRPORT,,,,164100.80,,,111480.00,52620.80,,,,,3282.02,
,045-16344930,,,,,,,,,,,,,,,,,,,,,,,,,,,,,,,,,
,,INV0009093,,,11/26/2025,,Posted,,,,,House,,,SOG0003252,,SCANCONTROLS INGENIERIA LTDA,,SCANCONTROLS INGENIERIA LTDA,COMODORO ARTURO MERINO BENITEZ INTERNATIONAL AIRPORT,,,,128295.46,,,117380.00,10915.45,,,,,2565.91,
,,INV0009095,,,11/26/2025,,Posted,,,,,House,,,SOG0003252,,SCANCONTROLS INGENIERIA LTDA,,SCANCONTROLS INGENIERIA LTDA,COMODORO ARTURO MERINO BENITEZ INTERNATIONAL AIRPORT,,,,165944.00,,,82059.00,83885.00,,,,,3318.88,
,,INV0009092,,,11/26/2025,,Posted,,,,,House,,,SOG0003252,,SCANCONTROLS INGENIERIA LTDA,,SCANCONTROLS INGENIERIA LTDA,COMODORO ARTURO MERINO BENITEZ INTERNATIONAL AIRPORT,,,,2616469.86,,,2094523.66,521946.20,,,,,52329.40,
,075-66749712,,,,,,,,,,,,,,,,,,,,,,,,,,,,,,,,,
,,INV0008914,,,11/14/2025,,Posted,,,,,House,,,SOG0003254,,SCANCONTROLS INGENIERIA LTDA,,SCANCONTROLS INGENIERIA LTDA,COMODORO ARTURO MERINO BENITEZ INTERNATIONAL AIRPORT,,,,28717.64,,,15384.45,13333.19,,,,,574.35,
,,INV0008915,,,11/14/2025,,Posted,,,,,House,,,SOG0003254,,SCANCONTROLS INGENIERIA LTDA,,SCANCONTROLS INGENIERIA LTDA,COMODORO ARTURO MERINO BENITEZ INTERNATIONAL AIRPORT,,,,164100.80,,,137153.00,26947.80,,,,,3282.02,
,,INV0008913,,,11/14/2025,,Posted,,,,,House,,,SOG0003254,,SCANCONTROLS INGENIERIA LTDA,,SCANCONTROLS INGENIERIA LTDA,COMODORO ARTURO MERINO BENITEZ INTERNATIONAL AIRPORT,,,,487174.25,,,299483.96,187690.29,,,,,9743.49,
,014-24043972,,,,,,,,,,,,,,,,,,,,,,,,,,,,,,,,,
,,INV0008946,,,11/18/2025,,Posted,,,,,House,,,SOG0003270,,SCANCONTROLS INGENIERIA LTDA,,SCANCONTROLS INGENIERIA LTDA,COMODORO ARTURO MERINO BENITEZ INTERNATIONAL AIRPORT,,,,28554.96,,,15297.30,13257.66,,,,,571.10,
,,INV0008947,,,11/18/2025,,Posted,,,,,House,,,SOG0003270,,SCANCONTROLS INGENIERIA LTDA,,SCANCONTROLS INGENIERIA LTDA,COMODORO ARTURO MERINO BENITEZ INTERNATIONAL AIRPORT,,,,163171.20,,,149562.50,13608.70,,,,,3263.42,
,,INV0008945,,,11/18/2025,,Posted,,,,,House,,,SOG0003270,,SCANCONTROLS INGENIERIA LTDA,,SCANCONTROLS INGENIERIA LTDA,COMODORO ARTURO MERINO BENITEZ INTERNATIONAL AIRPORT,,,,1215523.46,,,1029941.21,185582.25,,,,,24310.47,
,074-04180282,,,,,,,,,,,,,,,,,,,,,,,,,,,,,,,,,
,,3298,,,11/26/2025,,Posted,,,,,House,,,SOG0003291,,CABO DE HORNOS SPA,,CABO DE HORNOS SPA,COMODORO ARTURO MERINO BENITEZ INTERNATIONAL AIRPORT,,,,-9412.00,,,0.00,-9412.00,,,,,-188.24,
,,INV0009002,,,11/21/2025,,Posted,,,,,House,,,SOG0003291,,CABO DE HORNOS SPA,,CABO DE HORNOS SPA,COMODORO ARTURO MERINO BENITEZ INTERNATIONAL AIRPORT,,,,2611925.62,,,2486194.36,125731.26,,,,,52238.51,
,,INV0009003,,,11/21/2025,,Posted,,,,,House,,,SOG0003291,,CABO DE HORNOS SPA,,CABO DE HORNOS SPA,COMODORO ARTURO MERINO BENITEZ INTERNATIONAL AIRPORT,,,,28812.00,,,15435.00,13377.00,,,,,576.24,
,,INV0009004,,,11/21/2025,,Posted,,,,,House,,,SOG0003291,,CABO DE HORNOS SPA,,CABO DE HORNOS SPA,COMODORO ARTURO MERINO BENITEZ INTERNATIONAL AIRPORT,,,,164640.00,,,114109.60,50530.40,,,,,3292.80,
,075-67385113,,,,,,,,,,,,,,,,,,,,,,,,,,,,,,,,,
,,INV0009112,,,11/26/2025,,Posted,,,,,House,,,SOG0003300,,PRECISION PULLEY & IDLER S.A.,,PRECISION PULLEY & IDLER S.A.,COMODORO ARTURO MERINO BENITEZ INTERNATIONAL AIRPORT,,,,949810.64,,,739605.67,210204.97,,,,,18996.21,
,,INV0009113,,,11/26/2025,,Posted,,,,,House,,,SOG0003300,,PRECISION PULLEY & IDLER S.A.,,PRECISION PULLEY & IDLER S.A.,COMODORO ARTURO MERINO BENITEZ INTERNATIONAL AIRPORT,,,,165944.00,,,135244.21,30699.79,,,,,3318.88,
,075-66627820,,,,,,,,,,,,,,,,,,,,,,,,,,,,,,,,,
,,INV0009161,,,12/01/2025,,Posted,,,,,House,,,SOG0003311,,BIOLED SPA,,LI-COR INC.,Chicago O'Hare International Airport,,,,28788.48,,,67916.40,-39127.92,,,,,575.77,
,,INV0009160,,,12/01/2025,,Posted,,,,,House,,,SOG0003311,,BIOLED SPA,,LI-COR INC.,Chicago O'Hare International Airport,,,,1309875.84,,,937392.40,372483.44,,,,,26197.52,
,369-97542152,,,,,,,,,,,,,,,,,,,,,,,,,,,,,,,,,
,,INV0009133,,,11/28/2025,,Posted,,,,,House,,,SOG0003331,,SCANCONTROLS INGENIERIA LTDA,,SCANCONTROLS INGENIERIA LTDA,COMODORO ARTURO MERINO BENITEZ INTERNATIONAL AIRPORT,,,,28815.92,,,15437.10,13378.82,,,,,576.32,
,,INV0009134,,,11/28/2025,,Posted,,,,,House,,,SOG0003331,,SCANCONTROLS INGENIERIA LTDA,,SCANCONTROLS INGENIERIA LTDA,COMODORO ARTURO MERINO BENITEZ INTERNATIONAL AIRPORT,,,,164662.40,,,85570.80,79091.60,,,,,3293.25,
,,INV0009132,,,11/28/2025,,Posted,,,,,House,,,SOG0003331,,SCANCONTROLS INGENIERIA LTDA,,SCANCONTROLS INGENIERIA LTDA,COMODORO ARTURO MERINO BENITEZ INTERNATIONAL AIRPORT,,,,1062041.61,,,368329.21,693712.40,,,,,21240.83,
,230-65934540,,,,,,,,,,,,,,,,,,,,,,,,,,,,,,,,,
,,INV0009129,,,11/27/2025,,Posted,,,,,House,,,SOG0003334,,ELECTRONICA INDUSTRIAL SOCOMEL LTDA,,ELECTRONICA INDUSTRIAL SOCOMEL LTDA,COMODORO ARTURO MERINO BENITEZ INTERNATIONAL AIRPORT,,,,1303040.60,,,1127308.82,175731.78,,,,,26060.81,
,,INV0009130,,,11/27/2025,,Posted,,,,,House,,,SOG0003334,,ELECTRONICA INDUSTRIAL SOCOMEL LTDA,,ELECTRONICA INDUSTRIAL SOCOMEL LTDA,COMODORO ARTURO MERINO BENITEZ INTERNATIONAL AIRPORT,,,,94460.45,,,49121.91,45338.54,,,,,1889.21,
,,INV0009131,,,11/27/2025,,Posted,,,,,House,,,SOG0003334,,ELECTRONICA INDUSTRIAL SOCOMEL LTDA,,ELECTRONICA INDUSTRIAL SOCOMEL LTDA,COMODORO ARTURO MERINO BENITEZ INTERNATIONAL AIRPORT,,,,164942.40,,,85782.00,79160.40,,,,,3298.85,
,,INV0009143,,,11/28/2025,,Posted,,,,,House,,,SOG0003334,,ELECTRONICA INDUSTRIAL SOCOMEL LTDA,,ELECTRONICA INDUSTRIAL SOCOMEL LTDA,COMODORO ARTURO MERINO BENITEZ INTERNATIONAL AIRPORT,,,,1300831.35,,,683482.75,617348.60,,,,,26016.63,
,,3300,,,11/28/2025,,Posted,,,,,House,,,SOG0003334,,ELECTRONICA INDUSTRIAL SOCOMEL LTDA,,ELECTRONICA INDUSTRIAL SOCOMEL LTDA,COMODORO ARTURO MERINO BENITEZ INTERNATIONAL AIRPORT,,,,-1303040.60,,,0.00,-1303040.60,,,,,-26060.81,
,,,,,,,,,,,,,,,,,,,,,,,INCOME,,,EXPENSE,,,PROFIT,,,COMMISION,,
,,,,,,,,,,,,,,,,,,,,,Natalia Aguilera,,56685608.58,,,43492382.87,,,13193225.71,,,1133712.17,,
,,Nicolas Lobo,,,,,,,,,,,,,,,,,,,,,,,,,,,,,,,,
,SHIPMENT,,,,,,,,,,,,,,,,,,,,,,,,,,,,,,,,,
,HBLI0001469,,,,,,,,,,,,,,,,,,,,,,,,,,,,,,,,,
,,INV0009064,,,11/24/2025,,Posted,,,,,House,,,,,INGENIERIA Y COMERCIALIZACI�N FAL SPA,,INGENIERIA Y COMERCIALIZACI�N FAL SPA,QINGDAO ,,,,342328.80,,,42531.76,299797.04,,,,,5995.94,
,,INV0009065,,,11/24/2025,,Posted,,,,,House,,,,,INGENIERIA Y COMERCIALIZACI�N FAL SPA,,INGENIERIA Y COMERCIALIZACI�N FAL SPA,QINGDAO ,,,,29046.08,,,15560.40,13485.68,,,,,269.71,
,,INV0009066,,,11/24/2025,,Posted,,,,,House,,,,,INGENIERIA Y COMERCIALIZACI�N FAL SPA,,INGENIERIA Y COMERCIALIZACI�N FAL SPA,QINGDAO ,,,,170000.00,,,149499.00,20501.00,,,,,410.02,
,,INV0009067,,,11/24/2025,,Posted,,,,,House,,,,,INGENIERIA Y COMERCIALIZACI�N FAL SPA,,INGENIERIA Y COMERCIALIZACI�N FAL SPA,QINGDAO ,,,,10000.00,,,2500.00,7500.00,,,,,150.00,
,HBLI0001485,,,,,,,,,,,,,,,,,,,,,,,,,,,,,,,,,
,,INV0009198,,,12/03/2025,,Posted,,,,,House,,,,,Sergio Coggiola y Cia Ltda,,SERGIO COGGIOLA Y CIA LTDA,RIO DE JANEIRO  ,,,,2045613.15,,,1676609.29,369003.86,,,,,7380.08,
,,INV0009199,,,12/03/2025,,Posted,,,,,House,,,,,Sergio Coggiola y Cia Ltda,,SERGIO COGGIOLA Y CIA LTDA,RIO DE JANEIRO  ,,,,120000.00,,,0.00,120000.00,,,,,2400.00,
,HBLI0001508,,,,,,,,,,,,,,,,,,,,,,,,,,,,,,,,,
,,INV0009251,,,12/09/2025,,Posted,,,,,House,,,,,FLUTEK SPA,,FLUTEK SPA,Callao,,,,2182842.80,,,1738787.58,444055.22,,,,,8881.10,
,,INV0009252,,,12/09/2025,,Posted,,,,,House,,,,,FLUTEK SPA,,FLUTEK SPA,Callao,,,,213522.52,,,0.00,213522.52,,,,,4270.45,
,,INV0009264,,,12/10/2025,,Posted,,,,,House,,,,,FLUTEK SPA,,FLUTEK SPA,Callao,,,,42277.06,,,19623.87,22653.19,,,,,453.06,
,HBLO0000121,,,,,,,,,,,,,,,,,,,,,,,,,,,,,,,,,
,,INV0008929,,,11/17/2025,,Posted,,,,,House,,,,,FORESTAL ANDES LIMITADA,,TIMBER LATAM SRL,LIRQUEN,,,,5591691.45,,,5480167.41,111524.04,,,,,2230.48,
,,INV0008930,,,11/17/2025,,Posted,,,,,House,,,,,FORESTAL ANDES LIMITADA,,TIMBER LATAM SRL,LIRQUEN,,,,181402.11,,,94330.75,87071.36,,,,,1741.43,
,HBLO0000123,,,,,,,,,,,,,,,,,,,,,,,,,,,,,,,,,
,,INV0009122,,,11/27/2025,,Posted,,,,,House,,,,,INDUSTRIA NACIONAL DE ROLLOS PARA TELECOMUNICACIONES ENGATEL S.A.,,PRODUCTIVE BUSINESS SOLUTIONS  COSTA RICA  S.A.,VALPARAISO,,,,2756599.86,,,2361374.30,395225.56,,,,,7904.51,
,369-95467385,,,,,,,,,,,,,,,,,,,,,,,,,,,,,,,,,
,,INV0009157,,,12/01/2025,,Posted,,,,,House,,,SOG0003237,,Parfumerie d'Aquitaine SpA,,Parfumerie d'Aquitaine SpA,SANTIAGO,,,,1053864.00,,,869910.20,183953.80,,,,,3679.08,
,,INV0009158,,,12/01/2025,,Posted,,,,,House,,,SOG0003237,,Parfumerie d'Aquitaine SpA,,Parfumerie d'Aquitaine SpA,SANTIAGO,,,,47295.36,,,15422.40,31872.96,,,,,637.46,
,,INV0009159,,,12/01/2025,,Posted,,,,,House,,,SOG0003237,,Parfumerie d'Aquitaine SpA,,Parfumerie d'Aquitaine SpA,SANTIAGO,,,,164505.60,,,113985.00,50520.60,,,,,1010.41,
,047-34323940,,,,,,,,,,,,,,,,,,,,,,,,,,,,,,,,,
,,INV0009096,,,11/26/2025,,Posted,,,,,House,,,SOG0003326,,TERMOEQUIPOS SPA,,TERMOEQUIPOS SPA,COMODORO ARTURO MERINO BENITEZ INTERNATIONAL AIRPORT,,,,1524195.64,,,1264418.92,259776.72,,,,,5195.53,
,,INV0009097,,,11/26/2025,,Posted,,,,,House,,,SOG0003326,,TERMOEQUIPOS SPA,,TERMOEQUIPOS SPA,COMODORO ARTURO MERINO BENITEZ INTERNATIONAL AIRPORT,,,,165944.00,,,0.00,165944.00,,,,,3318.88,
,,3305,,,12/09/2025,,Posted,,,,,House,,,SOG0003326,,TERMOEQUIPOS SPA,,TERMOEQUIPOS SPA,COMODORO ARTURO MERINO BENITEZ INTERNATIONAL AIRPORT,,,,-1499021.39,,,0.00,-1499021.39,,,,,-29980.43,
,,INV0009243,,,12/09/2025,,Posted,,,,,House,,,SOG0003326,,TERMOEQUIPOS SPA,,TERMOEQUIPOS SPA,COMODORO ARTURO MERINO BENITEZ INTERNATIONAL AIRPORT,,,,1547982.35,,,0.00,1547982.35,,,,,30959.65,
,125 MXP 96106625,,,,,,,,,,,,,,,,,,,,,,,,,,,,,,,,,
,,INV0009186,,,12/02/2025,,Posted,,,,,House,,,SOG0003348,,TERMOEQUIPOS SPA,,TERMOEQUIPOS SPA,SANTIAGO,,,,741446.76,,,529455.73,211991.02,,,,,4239.82,
,,INV0009187,,,12/02/2025,,Posted,,,,,House,,,SOG0003348,,TERMOEQUIPOS SPA,,TERMOEQUIPOS SPA,SANTIAGO,,,,164472.00,,,85782.00,78690.00,,,,,1573.80,
,549-37186343,,,,,,,,,,,,,,,,,,,,,,,,,,,,,,,,,
,,INV0009249,,,12/09/2025,,Posted,,,,,House,,,SOG0003371,,VANTEM LATAM SPA,,VANTEM LATAM SPA,COMODORO ARTURO MERINO BENITEZ INTERNATIONAL AIRPORT,,,,1266181.43,,,1081471.49,184709.93,,,,,3694.20,
,,INV0009250,,,12/09/2025,,Posted,,,,,House,,,SOG0003371,,VANTEM LATAM SPA,,VANTEM LATAM SPA,COMODORO ARTURO MERINO BENITEZ INTERNATIONAL AIRPORT,,,,163203.20,,,163203.20,0.00,,,,,0.00,
,SHIPPING ODRER,,,,,,,,,,,,,,,,,,,,,,,,,,,,,,,,,
,,,,,,,,,,,,,,,,,,,,,,,,,,,,,,,,,,
,,INV0009265,,,12/10/2025,,Posted,,,,,,,,,,TERMOEQUIPOS SPA,,TERMOEQUIPOS SPA,SEEMANN Y CIA LTDA,,,,1367724.36,,,1043289.68,324434.68,,,,,6488.69,
,,INV0009266,,,12/10/2025,,Posted,,,,,,,,,,TERMOEQUIPOS SPA,,TERMOEQUIPOS SPA,SEEMANN Y CIA LTDA,,,,164302.40,,,164302.40,0.00,,,,,0.00,
,,,,,,,,,,,,,,,,,,,,,,,INCOME,,,EXPENSE,,,PROFIT,,,COMMISION,,
,,,,,,,,,,,,,,,,,,,,,Nicolas Lobo,,20557419.53,,,16912225.38,,,3645194.15,,,72903.88,,
,,SEEMANN Y CIA,,,,,,,,,,,,,,,,,,,,,,,,,,,,,,,,
,SHIPMENT,,,,,,,,,,,,,,,,,,,,,,,,,,,,,,,,,
,HBLI0001438,,,,,,,,,,,,,,,,,,,,,,,,,,,,,,,,,
,,INV0008841,,,11/12/2025,,Posted,,,,,House,,,,,POLITRANS GEOLINER SPA,,POLITRANS GEOLINER SPA,PORT KELANG,,,,2250051.30,,,1979844.69,270206.61,,,,,0.00,
,HBLI0001470,,,,,,,,,,,,,,,,,,,,,,,,,,,,,,,,,
,,INV0009128,,,11/27/2025,,Posted,,,,,House,,,,,COMMENCAL CHILE SPA,,COMMENCAL CHILE SPA,HO CHI MINH,,,,267000.51,,,144452.00,122548.51,,,,,0.00,
,HBLI0001471,,,,,,,,,,,,,,,,,,,,,,,,,,,,,,,,,
,,INV0009098,,,11/26/2025,,Posted,,,,,House,,,,,KRAH AMERICA LATINA S.A,,KRAH AMERICA LATINA S.A,PORT KLANG  ,,,,1804641.00,,,1493594.85,311046.15,,,,,0.00,
,HBLI0001472,,,,,,,,,,,,,,,,,,,,,,,,,,,,,,,,,
,,INV0009055,,,11/24/2025,,Posted,,,,,House,,,,,FITFLOW CHILE LIMITADA,,FITFLOW CHILE LIMITADA,Callao,,,,547300.76,,,171361.50,375939.26,,,,,0.00,
,,INV0009056,,,11/24/2025,,Posted,,,,,House,,,,,FITFLOW CHILE LIMITADA,,FITFLOW CHILE LIMITADA,Callao,,,,129670.00,,,98549.20,31120.80,,,,,0.00,
,,INV0009069,,,11/24/2025,,Posted,,,,,House,,,,,FITFLOW CHILE LIMITADA,,FITFLOW CHILE LIMITADA,Callao,,,,389341.96,,,0.00,389341.96,,,,,0.00,
,,3294,,,11/24/2025,,Posted,,,,,House,,,,,FITFLOW CHILE LIMITADA,,FITFLOW CHILE LIMITADA,Callao,,,,-547300.76,,,0.00,-547300.76,,,,,0.00,
,,3295,,,11/24/2025,,Posted,,,,,House,,,,,FITFLOW CHILE LIMITADA,,FITFLOW CHILE LIMITADA,Callao,,,,-129670.00,,,0.00,-129670.00,,,,,0.00,
,,INV0009135,,,11/28/2025,,Posted,,,,,House,,,,,FITFLOW CHILE LIMITADA,,FITFLOW CHILE LIMITADA,Callao,,,,665153.76,,,0.00,665153.76,,,,,0.00,
,HBLI0001478,,,,,,,,,,,,,,,,,,,,,,,,,,,,,,,,,
,,INV0009137,,,11/28/2025,,Invoiced,,,,,House,,,,,WORLD EXPRESS SERVICES CARGO SAC,,DAIKIN AIRCONDITIONING CHILE S.A,GENOA,,,,378723.52,,,52717.00,326006.52,,,,,0.00,
,HBLI0001484,,,,,,,,,,,,,,,,,,,,,,,,,,,,,,,,,
,,INV0009126,,,11/27/2025,,Posted,,,,,House,,,,,QUE COREANA SPA,,QUE COREANA SPA,BUSAN ,,,,662779.80,,,525316.75,137463.05,,,,,0.00,
,,INV0009127,,,11/27/2025,,Posted,,,,,House,,,,,QUE COREANA SPA,,QUE COREANA SPA,BUSAN ,,,,111542.30,,,12640.00,98902.30,,,,,0.00,
,HBLI0001492,,,,,,,,,,,,,,,,,,,,,,,,,,,,,,,,,
,,INV0009208,,,12/03/2025,,Posted,,,,,House,,,,,TECNOPAPEL S.A,,TECNOPAPEL S.A,Callao,,,,343498.95,,,339318.00,4180.95,,,,,0.00,
,,INV0009209,,,12/03/2025,,Posted,,,,,House,,,,,SEEMANN PERU,,TECNOPAPEL S.A,Callao,,,,76902.75,,,0.00,76902.75,,,,,0.00,
,OIC0000064,,,,,,,,,,,,,,,,,,,,,,,,,,,,,,,,,
,,INV0009268,,,12/10/2025,,Posted,,,,,House,,,HBLI0001496,,INVERSIONES AMANVIC SPA,,INVERSIONES AMANVIC SPA,QINGDAO ,,,,85000.00,,,0.00,85000.00,,,,,0.00,
,OIC0000064,,,,,,,,,,,,,,,,,,,,,,,,,,,,,,,,,
,,INV0009269,,,12/10/2025,,Posted,,,,,House,,,HBLI0001497,,DAVID CISTERNA GARRIDO,,DAVID CISTERNA GARRIDO,QINGDAO ,,,,85000.00,,,0.00,85000.00,,,,,0.00,
,OIC0000064,,,,,,,,,,,,,,,,,,,,,,,,,,,,,,,,,
,,INV0009270,,,12/10/2025,,Posted,,,,,House,,,HBLI0001498,,SOCIEDAD PESQUERA DON JUAN SPA,,SOCIEDAD PESQUERA DON JUAN SPA,QINGDAO ,,,,85000.00,,,0.00,85000.00,,,,,0.00,
,OIC0000064,,,,,,,,,,,,,,,,,,,,,,,,,,,,,,,,,
,,INV0009271,,,12/10/2025,,Posted,,,,,House,,,HBLI0001499,,PESQUERA LEPE LIMITADA,,PESQUERA LEPE LIMITADA,QINGDAO ,,,,85000.00,,,0.00,85000.00,,,,,0.00,
,OIC0000064,,,,,,,,,,,,,,,,,,,,,,,,,,,,,,,,,
,,INV0009272,,,12/10/2025,,Posted,,,,,House,,,HBLI0001500,,SERGIO ENRIQUE FERNANDEZ VERGARA,,SERGIO ENRIQUE FERNANDEZ VERGARA,QINGDAO ,,,,85000.00,,,0.00,85000.00,,,,,0.00,
,OIC0000064,,,,,,,,,,,,,,,,,,,,,,,,,,,,,,,,,
,,INV0009273,,,12/10/2025,,Posted,,,,,House,,,HBLI0001501,,CAMILO TAUFLOFF PENA,,CAMILO TAUFLOFF PENA,QINGDAO ,,,,85000.00,,,0.00,85000.00,,,,,0.00,
,OIC0000064,,,,,,,,,,,,,,,,,,,,,,,,,,,,,,,,,
,,INV0009274,,,12/10/2025,,Posted,,,,,House,,,HBLI0001502,,ROCHMARINE CHILE SPA,,ROCHMARINE CHILE SPA,QINGDAO ,,,,85000.00,,,0.00,85000.00,,,,,0.00,
,OIC0000064,,,,,,,,,,,,,,,,,,,,,,,,,,,,,,,,,
,,INV0009275,,,12/10/2025,,Posted,,,,,House,,,HBLI0001503,,SOCIEDAD JIMENEZ Y ZAMBRANO LIMITADA,,SOCIEDAD JIMENEZ Y ZAMBRANO LIMITADA,QINGDAO ,,,,85000.00,,,0.00,85000.00,,,,,0.00,
,OIC0000064,,,,,,,,,,,,,,,,,,,,,,,,,,,,,,,,,
,,INV0009276,,,12/10/2025,,Posted,,,,,House,,,HBLI0001504,,DANIEL ALBERTO MOLINA CISTERNAS,,DANIEL ALBERTO MOLINA CISTERNAS,QINGDAO ,,,,85000.00,,,0.00,85000.00,,,,,0.00,
,OIC0000064,,,,,,,,,,,,,,,,,,,,,,,,,,,,,,,,,
,,INV0009277,,,12/10/2025,,Posted,,,,,House,,,HBLI0001505,,JUAN ALFREDO MOSCOSO LARA,,JUAN ALFREDO MOSCOSO LARA,QINGDAO ,,,,85000.00,,,0.00,85000.00,,,,,0.00,
,OIC0000064,,,,,,,,,,,,,,,,,,,,,,,,,,,,,,,,,
,,INV0009278,,,12/10/2025,,Posted,,,,,House,,,HBLI0001506,,JOSE MANRIQUEZ FERNANDEZ,,JOSE MANRIQUEZ FERNANDEZ,QINGDAO ,,,,85000.00,,,0.00,85000.00,,,,,0.00,
,HBLI0001507,,,,,,,,,,,,,,,,,,,,,,,,,,,,,,,,,
,,INV0009236,,,12/05/2025,,Posted,,,,,House,,,,,TECNOPAPEL S.A,,TECNOPAPEL S.A,Callao,,,,234174.50,,,221994.00,12180.50,,,,,0.00,
,,INV0009241,,,12/09/2025,,Posted,,,,,House,,,,,TECNOPAPEL S.A,,TECNOPAPEL S.A,Callao,,,,76501.50,,,76501.50,0.00,,,,,0.00,
,,INV0009240,,,12/09/2025,,Posted,,,,,House,,,,,SEEMANN PERU,,TECNOPAPEL S.A,Callao,,,,76501.50,,,0.00,76501.50,,,,,0.00,
,HBLI0001513,,,,,,,,,,,,,,,,,,,,,,,,,,,,,,,,,
,,INV0009263,,,12/10/2025,,Invoiced,,,,,House,,,,,WORLD EXPRESS SERVICES CARGO SAC,,DAIKIN AIRCONDITIONING CHILE S.A,SINGAPORE  ,,,,446697.15,,,137299.00,309398.15,,,,,0.00,
,HBLO0000118,,,,,,,,,,,,,,,,,,,,,,,,,,,,,,,,,
,,INV0008819,,,11/10/2025,,Posted,,,,,House,,,,,SERVICIOS INTEGRALES DE ASESORIA EN COMERCIO INTERNACIONAL Y SEGURIDAD DE LA CADENA DE SUMINISTRO SAS,,"GRUPO FOGAZA FSSA, SA DE CV",SAN ANTONIO,,,,376646.40,,,0.00,376646.40,,,,,0.00,
,,INV0008902,,,11/14/2025,,Posted,,,,,House,,,,,MARITIMA VALPARAISO CHILE SPA,,"GRUPO FOGAZA FSSA, SA DE CV",SAN ANTONIO,,,,74050.40,,,54126.00,19924.40,,,,,0.00,
,HBLO0000119,,,,,,,,,,,,,,,,,,,,,,,,,,,,,,,,,
,,INV0008891,,,11/14/2025,,Invoiced,,,,,House,,,,,NEXUS GLOBAL TRADE LLC,,"GRUPO FOGAZA FSSA, SA DE CV",SAN ANTONIO,,,,82050.40,,,54126.00,27924.40,,,,,0.00,
,,INV0008818,,,11/10/2025,,Invoiced,,,,,House,,,,,SERVICIOS INTEGRALES DE ASESORIA EN COMERCIO INTERNACIONAL Y SEGURIDAD DE LA CADENA DE SUMINISTRO SAS,,"GRUPO FOGAZA FSSA, SA DE CV",SAN ANTONIO,,,,320034.70,,,0.00,320034.70,,,,,0.00,
,OIC0000062,,,,,,,,,,,,,,,,,,,,,,,,,,,,,,,,,
,,INV0009174,,,12/01/2025,,Posted,,,,,Master,,,,,MULTIFREIGHT CHILE SPA,,SEEMANN Y CIA LTDA,YANTIAN  ,,,,323870.40,,,212102.10,111768.30,,,,,0.00,
,729-93049585,,,,,,,,,,,,,,,,,,,,,,,,,,,,,,,,,
,,INV0008860,,,11/13/2025,,Invoiced,,,,,House,,,SOG0002985,,PLEX INTERNATIONAL LOGISTICS LLC,,SCALA CHILE DATA CENTERS SPA,SANTIAGO,,,,925003.52,,,465800.00,459203.52,,,,,0.00,
,729-93049670,,,,,,,,,,,,,,,,,,,,,,,,,,,,,,,,,
,,INV0008863,,,11/13/2025,,Invoiced,,,,,House,,,SOG0003053,,PLEX INTERNATIONAL LOGISTICS LLC,,SCALA CHILE DATA CENTERS SPA,SANTIAGO,,,,834154.96,,,422960.00,411194.96,,,,,0.00,
,729-93049666,,,,,,,,,,,,,,,,,,,,,,,,,,,,,,,,,
,,INV0008861,,,11/13/2025,,Invoiced,,,,,House,,,SOG0003065,,PLEX INTERNATIONAL LOGISTICS LLC,,SCALA CHILE DATA CENTERS SPA,SANTIAGO,,,,686526.05,,,353945.00,332581.05,,,,,0.00,
,729-93049795,,,,,,,,,,,,,,,,,,,,,,,,,,,,,,,,,
,,INV0008906,,,11/14/2025,,Invoiced,,,,,House,,,SOG0003119,,PLEX INTERNATIONAL LOGISTICS LLC,,SCALA CHILE DATA CENTER SPA,SANTIAGO,,,,506661.22,,,273620.00,233041.22,,,,,0.00,
,729-93049762,,,,,,,,,,,,,,,,,,,,,,,,,,,,,,,,,
,,INV0008862,,,11/13/2025,,Invoiced,,,,,House,,,SOG0003121,,PLEX INTERNATIONAL LOGISTICS LLC,,SCALA CHILE DATA CENTERS SPA,SANTIAGO,,,,688590.79,,,353945.00,334645.79,,,,,0.00,
,549-42811915,,,,,,,,,,,,,,,,,,,,,,,,,,,,,,,,,
,,INV0009077,,,11/25/2025,,Invoiced,,,,,House,,,SOG0003171,,UNVIERSAL SEA&AIR,,KUMON INSTITUTO DE EDUCACI�N DE CHILE LTDA.,SANTIAGO,,,,1375267.94,,,1325135.48,50132.47,,,,,0.00,
,045-11659314,,,,,,,,,,,,,,,,,,,,,,,,,,,,,,,,,
,,INV0009019,,,11/21/2025,,Invoiced,,,,,House,,,SOG0003221,,FreightNed Air BV,,COPEFRUT S.A.,SANTIAGO,,,,612643.59,,,369701.00,242942.59,,,,,0.00,
,057-57760824,,,,,,,,,,,,,,,,,,,,,,,,,,,,,,,,,
,,INV0008966,,,11/19/2025,,Posted,,,,,House,,,SOG0003277,,Varifarma Chile SpA,,Varifarma Chile SpA,SANTIAGO,,,,257315.00,,,0.00,257315.00,,,,,0.00,
,045-21804845,,,,,,,,,,,,,,,,,,,,,,,,,,,,,,,,,
,,INV0009242,,,12/09/2025,,Invoiced,,,,,House,,,SOG0003337,,ACITO LOGISTICS GMBH,,Constructora CBI Limitada,SANTIAGO,,,,847085.81,,,673787.57,173298.24,,,,,0.00,
,549-42249561,,,,,,,,,,,,,,,,,,,,,,,,,,,,,,,,,
,,INV0009210,,,12/03/2025,,Posted,,,,,House,,,SOG0003353,,TS GROUP SPA,,TS GROUP SPA,SANTIAGO,,,,448117.45,,,0.00,448117.45,,,,,0.00,
,,INV0009211,,,12/03/2025,,Posted,,,,,House,,,SOG0003353,,TS GROUP SPA,,TS GROUP SPA,SANTIAGO,,,,250000.00,,,0.00,250000.00,,,,,0.00,
,045-21177144,,,,,,,,,,,,,,,,,,,,,,,,,,,,,,,,,
,,INV0009260,,,12/09/2025,,Posted,,,,,House,,,SOG0003380,,Ft sur spa,,Ft sur spa,SANTIAGO,,,,265205.20,,,0.00,265205.20,,,,,0.00,
,,,,,,,,,,,,,,,,,,,,,,,INCOME,,,EXPENSE,,,PROFIT,,,COMMISION,,
,,,,,,,,,,,,,,,,,,,,,SEEMANN Y CIA,,17591734.33,,,9812836.64,,,7778897.69,,,0.00,,
,,,,,,,,,,,,,,,,,,,,,,,,INCOME,,,EXPENSE,,,PROFIT,,,,COMMISION
,,,,,,,,,,,,,,,,,,,,,,TOTALS,,349103075.94,,,280477438.79,,,68625637.15,,,,2543052.28
Logistics Cloud Applications | www.linbis.com,,,,,,,,,,,,,,,,,,,,,,,,,CommisionAnalisys,,,,,,,,,
